encoded_feature,original_feature,members_present,mean_absolute_shap,sd_member_mean_absolute_shap,signed_mean_shap,median_absolute_shap,members_absent
categorical__purpose_A41,purpose,5,0.579082571297884,0.13708406935562875,-0.579082571297884,0.5805031478404998,0
categorical__purpose_A46,purpose,5,0.5336046398803591,0.24851310283098307,0.5336046398803591,0.5428087711334229,0
categorical__checking_account_status_A14,checking_account_status,5,0.5213411718681454,0.08785687843136253,-0.5213411718681454,0.5221739768981933,0
categorical__credit_history_A30,credit_history,5,0.368254449814558,0.10365814907458647,0.368254449814558,0.3832562744617462,0
categorical__savings_account_status_A64,savings_account_status,5,0.357958362840116,0.043801465835316786,-0.357958362840116,0.3644812047481537,0
numerical__credit_amount,credit_amount,5,0.30845980404081635,0.025521169480106326,-0.0999264422710694,0.2619623467326164,0
numerical__duration_months,duration_months,5,0.30182237989117855,0.06508844944347122,-0.04432446178689133,0.25349182188510894,0
categorical__other_installment_plans_A141,other_installment_plans,5,0.30167931885644794,0.11542316829697455,0.30167931885644794,0.30216305553913114,0
categorical__other_debtors_guarantors_A103,other_debtors_guarantors,5,0.28163933572918176,0.16406286659703703,-0.28163933572918176,0.2862641304731369,0
categorical__employment_duration_A72,employment_duration,5,0.2501482487991452,0.015352283337325242,0.2501482487991452,0.24329408407211303,0
categorical__savings_account_status_A65,savings_account_status,5,0.24975781485997137,0.08511738943731298,-0.24975781485997137,0.24092151522636412,0
categorical__other_debtors_guarantors_A102,other_debtors_guarantors,5,0.24672100179456175,0.1865716100505084,0.24672100179456175,0.24479440748691558,0
categorical__employment_duration_A74,employment_duration,5,0.24597929907217622,0.12535810378116308,-0.24597929907217622,0.24793321043252944,0
categorical__credit_history_A34,credit_history,5,0.2445453844484582,0.1107328525071684,-0.24284332180445198,0.24757133424282074,0
categorical__purpose_A40,purpose,5,0.22097360664606094,0.06205439976555125,0.22097360664606094,0.21693785190582277,0
categorical__purpose_A45,purpose,5,0.20436239616200327,0.20696127378664297,0.20046066419407724,0.20695600509643555,0
categorical__property_A124,property,5,0.18472399543225765,0.10645269446812033,0.18472399543225765,0.18202833086252213,0
categorical__credit_history_A31,credit_history,5,0.18403963402286172,0.08803693490917697,0.18403963402286172,0.1698848843574524,0
categorical__checking_account_status_A11,checking_account_status,5,0.18016694667097183,0.05583733487259291,0.18016694667097183,0.17724187076091766,0
categorical__housing_A151,housing,5,0.16574660707637667,0.060751399234752194,0.16574660707637667,0.1660711571574211,0
categorical__installment_rate_percent_4,installment_rate_percent,5,0.12987830937001854,0.05509701004760594,0.12987830937001854,0.12148895859718323,0
categorical__credit_history_A33,credit_history,5,0.12078811612538994,0.05914872535596233,0.052224341948051,0.12039509937167167,0
categorical__checking_account_status_A13,checking_account_status,5,0.11265622927341609,0.06416620076280918,-0.08779677932616323,0.1097395308315754,0
categorical__savings_account_status_A62,savings_account_status,5,0.0993785898629576,0.04649015047744377,0.0993785898629576,0.09559221602976323,0
categorical__job_A174,job,5,0.0982967082458781,0.08809574335419897,-0.0583176897742087,0.09402192458510399,0
categorical__savings_account_status_A61,savings_account_status,5,0.0955324937212281,0.04156462011387634,0.0955324937212281,0.10099684670567513,0
categorical__installment_rate_percent_1,installment_rate_percent,5,0.09534511091385503,0.06245848342894597,-0.095260358628002,0.10370006710290909,0
categorical__installment_rate_percent_3,installment_rate_percent,5,0.09114099441387224,0.08920342933219078,0.09041031830303836,0.0936082704924047,0
categorical__savings_account_status_A63,savings_account_status,5,0.09057966905343347,0.06311650991156434,-0.08188450250518509,0.09592709243297577,0
categorical__installment_rate_percent_2,installment_rate_percent,5,0.09000008049415191,0.04918245226056592,-0.07748648745572427,0.08187837861478328,0
categorical__existing_credits_count_2,existing_credits_count,5,0.0891302039474249,0.06781042905849935,0.05105863376846537,0.08796381400898098,0
categorical__residence_duration_2,residence_duration,5,0.08311565064196476,0.05757088254834907,0.0828152598135639,0.08665446452796459,0
categorical__employment_duration_A71,employment_duration,5,0.08008260554075242,0.043272240420191906,0.05502197359502316,0.07941165119409561,0
categorical__existing_credits_count_3,existing_credits_count,5,0.07976478207856416,0.06288003499163741,-0.034216065544635056,0.0801899179816246,0
categorical__purpose_A42,purpose,5,0.07939748133462854,0.07064471488500675,0.06692365311854519,0.08140820302069188,0
categorical__telephone_A191,telephone,5,0.07697961509297602,0.03985807288956193,0.07393536709737963,0.07946494817733765,0
categorical__purpose_A43,purpose,5,0.07617348899971695,0.06386264727043695,-0.06801135488646105,0.07751669250428676,0
categorical__property_A121,property,5,0.07396929621195887,0.0490934701012968,-0.0534982439809246,0.05427761562168598,0
categorical__residence_duration_1,residence_duration,5,0.07245502890530042,0.04103843502812637,-0.04495410647033714,0.07623740527778863,0
categorical__property_A122,property,5,0.07125881100998958,0.06841154498127736,-0.050711915768857585,0.07505775988101959,0
categorical__purpose_A49,purpose,5,0.06831959904020188,0.0784386440439405,-0.005628180643194355,0.07411655280739068,0
categorical__checking_account_status_A12,checking_account_status,5,0.06686299445555778,0.03449481346423878,0.06546471237175865,0.06779135614633561,0
categorical__other_installment_plans_A142,other_installment_plans,5,0.05807252493230044,0.046991768771210085,-0.05113359934781329,0.057470493391156195,0
categorical__residence_duration_3,residence_duration,5,0.05390739665809088,0.03280240341378735,-0.0011067793003749099,0.05953086800873279,0
categorical__employment_duration_A73,employment_duration,5,0.05320554102142341,0.028042634598604347,-0.031213900046655908,0.053244538605213165,0
categorical__housing_A153,housing,5,0.048816967622376986,0.0601624809175647,-0.04743465855298564,0.05062632169574499,0
categorical__job_A172,job,5,0.04821733895083889,0.03525988154165798,-0.0013368697999976587,0.05090995766222477,0
categorical__other_installment_plans_A143,other_installment_plans,5,0.04333109270446585,0.02464686505283253,-0.04175538340452477,0.04276767503470182,0
categorical__residence_duration_4,residence_duration,5,0.029487435160786845,0.01909938703880803,0.01753552343288902,0.02860786858946085,0
categorical__property_A123,property,5,0.02678302951695514,0.01606199399561764,0.012593610080104553,0.0173806332051754,0
categorical__employment_duration_A75,employment_duration,5,0.026129607352952007,0.011820820447388596,0.0007280830513336691,0.02336301691830158,0
categorical__job_A173,job,5,0.02247982668201439,0.015853838839944755,0.017878484428394587,0.01981537602841854,0
categorical__housing_A152,housing,5,0.018736742541659624,0.010082255942927337,-0.012545963625540025,0.017497126944363117,0
categorical__existing_credits_count_1,existing_credits_count,5,0.018132243653933983,0.006726417350738642,-0.005861800696409773,0.019492612220346928,0
categorical__credit_history_A32,credit_history,5,0.01734935611410765,0.008316335425803041,0.0052364378764177665,0.014549993257969619,0
categorical__dependents_count_2,dependents_count,5,0.01375392807496246,0.005065847945325086,0.005831154839484953,0.012575472239404917,0
categorical__telephone_A192,telephone,5,0.01319688746437896,0.0055063950541332255,-0.012787121581262908,0.013197132013738155,0
categorical__dependents_count_1,dependents_count,5,0.011532591515773674,0.0040165124858846405,-5.185357964365006e-06,0.010966241359710693,0
categorical__other_debtors_guarantors_A101,other_debtors_guarantors,5,0.008842135218292243,0.004013796701692841,0.004453823498770363,0.00930171050131321,0
categorical__job_A171,job,5,0.004679604707518593,0.010463914233839595,-0.004679604707518593,0.004990280419588089,0
categorical__existing_credits_count_4,existing_credits_count,5,0.0,0.0,0.0,0.0,0
categorical__purpose_A410,purpose,5,0.0,0.0,0.0,0.0,0
categorical__purpose_A44,purpose,5,0.0,0.0,0.0,0.0,0
categorical__purpose_A48,purpose,5,0.0,0.0,0.0,0.0,0
