source_row_id,fold,bad_credit_risk,logistic_regression_probability,logistic_regression_prediction,random_forest_probability,random_forest_prediction,xgboost_probability,xgboost_prediction
uci144-row-0001,5,0,0.029737751391802063,0,0.062,0,0.012625875882804394,0
uci144-row-0004,4,0,0.3953085484071241,0,0.472,0,0.3729287385940552,0
uci144-row-0005,3,1,0.5868557143090526,1,0.568,1,0.675956666469574,1
uci144-row-0006,2,0,0.2726855581165743,0,0.344,0,0.20655901730060577,0
uci144-row-0008,1,0,0.2908479894548222,0,0.378,0,0.3434430658817291,0
uci144-row-0009,3,0,0.014022592877517275,0,0.054,0,0.007634388282895088,0
uci144-row-0010,1,1,0.5415864620880267,1,0.45,0,0.5286976099014282,1
uci144-row-0011,3,1,0.5522331606299451,1,0.588,1,0.657178521156311,1
uci144-row-0013,2,0,0.15859735336794806,0,0.342,0,0.21176448464393616,0
uci144-row-0015,3,0,0.580931258710174,1,0.678,1,0.6684199571609497,1
uci144-row-0016,5,1,0.2939980035743767,0,0.424,0,0.5199953317642212,1
uci144-row-0017,3,0,0.03420015865591045,0,0.004,0,0.010498380288481712,0
uci144-row-0018,1,0,0.8869749888139044,1,0.51,1,0.7224457263946533,1
uci144-row-0019,3,1,0.49343368147316274,0,0.682,1,0.7494161128997803,1
uci144-row-0020,5,0,0.09255407628814274,0,0.102,0,0.029810011386871338,0
uci144-row-0021,4,0,0.044520428824732415,0,0.034,0,0.013471094891428947,0
uci144-row-0024,5,0,0.05856054240036874,0,0.236,0,0.1300053745508194,0
uci144-row-0025,2,0,0.02189054825176437,0,0.054,0,0.014161903411149979,0
uci144-row-0026,1,0,0.25217729275549383,0,0.352,0,0.09671593457460403,0
uci144-row-0027,3,0,0.13115658866021568,0,0.19,0,0.028944315388798714,0
uci144-row-0028,2,0,0.16030966776674183,0,0.316,0,0.16777516901493073,0
uci144-row-0030,4,1,0.8954021610976282,1,0.782,1,0.9075986742973328,1
uci144-row-0032,5,0,0.6978197435800172,1,0.536,1,0.768491804599762,1
uci144-row-0033,2,0,0.5425568698801145,1,0.392,0,0.4171369671821594,0
uci144-row-0034,2,0,0.05463604113169323,0,0.146,0,0.09847192466259003,0
uci144-row-0035,2,0,0.39825884007050416,0,0.276,0,0.20011843740940094,0
uci144-row-0036,3,1,0.5541652272512719,1,0.37,0,0.4743880033493042,0
uci144-row-0037,4,0,0.5657443188149802,1,0.5,1,0.576115608215332,1
uci144-row-0038,2,1,0.1799325146080426,0,0.28,0,0.24636302888393402,0
uci144-row-0040,1,0,0.24890217318870092,0,0.284,0,0.19154928624629974,0
uci144-row-0041,5,0,0.17194917343427993,0,0.204,0,0.15748047828674316,0
uci144-row-0042,5,0,0.0718697763967572,0,0.202,0,0.22727981209754944,0
uci144-row-0043,3,0,0.29360261904342566,0,0.44,0,0.3057309091091156,0
uci144-row-0045,4,1,0.6607099404913709,1,0.668,1,0.47365981340408325,0
uci144-row-0046,4,0,0.1907819921656593,0,0.168,0,0.1027972549200058,0
uci144-row-0049,1,0,0.07403618740564857,0,0.148,0,0.08721473067998886,0
uci144-row-0050,3,0,0.14035698106533717,0,0.182,0,0.11753475666046143,0
uci144-row-0051,1,0,0.6297046823195148,1,0.488,0,0.5947011113166809,1
uci144-row-0052,4,0,0.2263263536045258,0,0.406,0,0.11842994391918182,0
uci144-row-0054,5,0,0.007053115797780003,0,0.074,0,0.013409361243247986,0
uci144-row-0055,2,1,0.8313150531257344,1,0.62,1,0.8905966281890869,1
uci144-row-0056,1,0,0.03756261527948937,0,0.37,0,0.17864036560058594,0
uci144-row-0057,2,1,0.2369194684393424,0,0.202,0,0.10214023292064667,0
uci144-row-0058,1,0,0.22984150225266733,0,0.492,0,0.6161951422691345,1
uci144-row-0059,2,0,0.3364184088872921,0,0.362,0,0.5149102210998535,1
uci144-row-0060,4,1,0.9303982736331613,1,0.59,1,0.7782639265060425,1
uci144-row-0061,4,0,0.21014997996229487,0,0.218,0,0.08504866063594818,0
uci144-row-0062,3,0,0.024283525739181813,0,0.136,0,0.025622626766562462,0
uci144-row-0063,4,1,0.7142165252148387,1,0.67,1,0.8460752964019775,1
uci144-row-0064,2,1,0.8297346772430377,1,0.612,1,0.7917518615722656,1
uci144-row-0066,5,0,0.1131966736295333,0,0.158,0,0.09759199619293213,0
uci144-row-0067,4,0,0.31527237101174976,0,0.262,0,0.20537738502025604,0
uci144-row-0068,1,0,0.12921297603352525,0,0.22,0,0.14352014660835266,0
uci144-row-0069,5,1,0.5261429815712478,1,0.252,0,0.3391777276992798,0
uci144-row-0070,5,0,0.050974029074886386,0,0.052,0,0.028966598212718964,0
uci144-row-0072,5,0,0.015309595669834466,0,0.064,0,0.008783051744103432,0
uci144-row-0073,1,0,0.27749228942950466,0,0.446,0,0.35579749941825867,0
uci144-row-0074,2,0,0.4193579108326714,0,0.484,0,0.2712465822696686,0
uci144-row-0075,5,1,0.5196206341618004,1,0.418,0,0.30820995569229126,0
uci144-row-0076,2,0,0.19564588794420854,0,0.366,0,0.17681869864463806,0
uci144-row-0077,3,1,0.8049252227035858,1,0.638,1,0.5340016484260559,1
uci144-row-0078,4,0,0.1220534644644368,0,0.222,0,0.18085424602031708,0
uci144-row-0080,5,0,0.5074183682674364,1,0.48,0,0.6360263824462891,1
uci144-row-0081,5,1,0.02533663096145216,0,0.12,0,0.020086757838726044,0
uci144-row-0082,3,0,0.07098372607444856,0,0.136,0,0.04988681897521019,0
uci144-row-0083,1,0,0.21181567463853684,0,0.248,0,0.24014590680599213,0
uci144-row-0085,1,0,0.31563626396104744,0,0.328,0,0.18074193596839905,0
uci144-row-0087,1,0,0.3537431465503727,0,0.352,0,0.5324599146842957,1
uci144-row-0088,1,1,0.7521475925836812,1,0.522,1,0.7762930393218994,1
uci144-row-0089,1,0,0.34838032812151704,0,0.344,0,0.2675684988498688,0
uci144-row-0091,1,0,0.04574637302563348,0,0.03,0,0.028027532622218132,0
uci144-row-0092,5,0,0.14711682480878166,0,0.212,0,0.06801192462444305,0
uci144-row-0093,5,1,0.016221961580143527,0,0.244,0,0.08684578537940979,0
uci144-row-0094,3,0,0.563475701206262,1,0.356,0,0.3256776034832001,0
uci144-row-0095,2,0,0.16885192308969088,0,0.18,0,0.254843533039093,0
uci144-row-0096,3,1,0.9703042600817944,1,0.822,1,0.9447075128555298,1
uci144-row-0098,2,0,0.3762893182013942,0,0.236,0,0.253030002117157,0
uci144-row-0099,5,0,0.1970345968869301,0,0.27,0,0.31256431341171265,0
uci144-row-0100,1,0,0.28997819517590795,0,0.294,0,0.09961118549108505,0
uci144-row-0101,4,0,0.2703091579165708,0,0.138,0,0.29504793882369995,0
uci144-row-0102,5,0,0.613836017814365,1,0.568,1,0.6740657687187195,1
uci144-row-0103,5,0,0.0685143684130644,0,0.076,0,0.020396608859300613,0
uci144-row-0104,5,0,0.2893996249955547,0,0.27,0,0.2306443601846695,0
uci144-row-0105,3,0,0.04378017009568926,0,0.158,0,0.05674678832292557,0
uci144-row-0106,5,1,0.1608389362965552,0,0.514,1,0.3394896686077118,0
uci144-row-0107,4,1,0.5142977777855267,1,0.344,0,0.38806626200675964,0
uci144-row-0109,3,0,0.3325593767452743,0,0.508,1,0.4480496644973755,0
uci144-row-0110,5,0,0.06770795030090268,0,0.134,0,0.10028738528490067,0
uci144-row-0111,3,0,0.28941457433413936,0,0.31,0,0.09186570346355438,0
uci144-row-0112,3,0,0.7288338490236916,1,0.438,0,0.49846217036247253,0
uci144-row-0114,4,1,0.335366805878904,0,0.264,0,0.1324620097875595,0
uci144-row-0115,1,0,0.26257488538854284,0,0.328,0,0.11204220354557037,0
uci144-row-0117,1,1,0.2920616061292717,0,0.41,0,0.16000643372535706,0
uci144-row-0118,4,0,0.24156536062888476,0,0.192,0,0.08392737060785294,0
uci144-row-0119,2,1,0.22711554380457788,0,0.236,0,0.21727709472179413,0
uci144-row-0120,1,0,0.10445891945477183,0,0.39,0,0.12929382920265198,0
uci144-row-0121,2,1,0.35995010488538365,0,0.44,0,0.547648012638092,1
uci144-row-0122,2,0,0.0974318851280687,0,0.116,0,0.028142936527729034,0
uci144-row-0124,2,0,0.22934914932797035,0,0.288,0,0.20032855868339539,0
uci144-row-0125,4,1,0.40288267388186544,0,0.246,0,0.2972775101661682,0
uci144-row-0126,2,0,0.4866336206446119,0,0.306,0,0.29452410340309143,0
uci144-row-0127,3,0,0.3667865830383786,0,0.51,1,0.6125651597976685,1
uci144-row-0128,4,1,0.4794966098624035,0,0.444,0,0.3964524567127228,0
uci144-row-0131,4,0,0.49751240060336965,0,0.48,0,0.4750971496105194,0
uci144-row-0132,3,1,0.776812227151739,1,0.602,1,0.7492286562919617,1
uci144-row-0133,5,0,0.4393513611241106,0,0.37,0,0.4571707546710968,0
uci144-row-0136,1,0,0.023668390488480736,0,0.018,0,0.01201284397393465,0
uci144-row-0137,1,0,0.04324304534498985,0,0.186,0,0.07644180953502655,0
uci144-row-0138,5,1,0.14787337071016013,0,0.076,0,0.2064341902732849,0
uci144-row-0140,2,0,0.176860449315482,0,0.264,0,0.23678246140480042,0
uci144-row-0141,5,0,0.0643815651430278,0,0.2,0,0.08276976644992828,0
uci144-row-0144,1,1,0.3629886716518779,0,0.27,0,0.4708987772464752,0
uci144-row-0145,3,0,0.09695905325486362,0,0.168,0,0.07382804900407791,0
uci144-row-0146,3,0,0.5868569913657876,1,0.418,0,0.39270031452178955,0
uci144-row-0147,2,0,0.31990647608370437,0,0.284,0,0.12525370717048645,0
uci144-row-0148,1,0,0.06572594668814928,0,0.122,0,0.05804474651813507,0
uci144-row-0149,5,0,0.40468648874907553,0,0.438,0,0.43894803524017334,0
uci144-row-0150,2,0,0.03713841196700943,0,0.036,0,0.021793924272060394,0
uci144-row-0151,3,0,0.12337486789282168,0,0.262,0,0.0767790824174881,0
uci144-row-0152,5,0,0.023572022116663826,0,0.07,0,0.031135866418480873,0
uci144-row-0153,1,0,0.36119329020204566,0,0.5,1,0.21088124811649323,0
uci144-row-0154,4,0,0.16056334013060672,0,0.308,0,0.09778992086648941,0
uci144-row-0155,2,0,0.3540416242758649,0,0.314,0,0.10287479311227798,0
uci144-row-0156,1,1,0.39918741621913395,0,0.256,0,0.5790707468986511,1
uci144-row-0157,2,0,0.13288047749646165,0,0.182,0,0.08097071200609207,0
uci144-row-0158,2,0,0.7586938583590689,1,0.608,1,0.8086028695106506,1
uci144-row-0159,1,0,0.5663230535461405,1,0.358,0,0.19672442972660065,0
uci144-row-0161,3,0,0.0331408041768739,0,0.06,0,0.014598127454519272,0
uci144-row-0162,1,0,0.17720739593183538,0,0.188,0,0.19528238475322723,0
uci144-row-0163,5,0,0.09253987282433379,0,0.07,0,0.0723968967795372,0
uci144-row-0164,3,0,0.702553209157681,1,0.572,1,0.52255779504776,1
uci144-row-0165,4,0,0.21596544542899854,0,0.192,0,0.26319366693496704,0
uci144-row-0166,1,0,0.033810524314461604,0,0.09,0,0.027428722009062767,0
uci144-row-0169,5,0,0.19678216240421767,0,0.216,0,0.16631437838077545,0
uci144-row-0170,5,1,0.19463786767009694,0,0.182,0,0.24809329211711884,0
uci144-row-0171,1,1,0.8393890113199094,1,0.574,1,0.7748411297798157,1
uci144-row-0173,3,1,0.2370940441765125,0,0.368,0,0.5204511284828186,1
uci144-row-0174,1,0,0.1587773717426435,0,0.064,0,0.012877330183982849,0
uci144-row-0175,2,1,0.7676795988482802,1,0.53,1,0.6155226230621338,1
uci144-row-0176,4,1,0.09443282733867982,0,0.244,0,0.02976246364414692,0
uci144-row-0177,2,0,0.3647725408185113,0,0.546,1,0.40777766704559326,0
uci144-row-0178,4,0,0.0960816794056007,0,0.214,0,0.019879233092069626,0
uci144-row-0180,1,0,0.389576608332525,0,0.336,0,0.4380081593990326,0
uci144-row-0181,5,1,0.25053792674382047,0,0.322,0,0.2611427307128906,0
uci144-row-0182,5,1,0.528808696815039,1,0.426,0,0.49477246403694153,0
uci144-row-0184,3,0,0.021635895668825813,0,0.066,0,0.010452940128743649,0
uci144-row-0185,5,1,0.37285574641730346,0,0.488,0,0.7123681902885437,1
uci144-row-0186,2,0,0.09150417319751654,0,0.01,0,0.033454813063144684,0
uci144-row-0187,4,1,0.2773791203674335,0,0.356,0,0.11715985089540482,0
uci144-row-0189,4,1,0.10629362385388622,0,0.44,0,0.26094022393226624,0
uci144-row-0190,1,0,0.4487093576547337,0,0.412,0,0.5760421752929688,1
uci144-row-0192,2,1,0.6114284398025347,1,0.546,1,0.3297315537929535,0
uci144-row-0194,3,0,0.08420859025781581,0,0.058,0,0.02207198366522789,0
uci144-row-0196,4,1,0.17601172253564304,0,0.306,0,0.1305544078350067,0
uci144-row-0197,4,0,0.019313634975706085,0,0.038,0,0.006604552734643221,0
uci144-row-0198,1,1,0.7687039901418564,1,0.602,1,0.8918097615242004,1
uci144-row-0199,1,0,0.37693860045900435,0,0.352,0,0.276375949382782,0
uci144-row-0201,4,0,0.05424233816492844,0,0.06,0,0.05109360069036484,0
uci144-row-0202,5,0,0.5424959016043626,1,0.682,1,0.49543872475624084,0
uci144-row-0203,5,0,0.20702571536270747,0,0.184,0,0.24103671312332153,0
uci144-row-0204,5,1,0.37469996970941233,0,0.642,1,0.64827561378479,1
uci144-row-0205,1,0,0.08600482569621172,0,0.11,0,0.038770392537117004,0
uci144-row-0206,1,0,0.4766557128499564,0,0.564,1,0.8166415095329285,1
uci144-row-0207,3,0,0.05139231945240524,0,0.07,0,0.0330740287899971,0
uci144-row-0208,1,0,0.1992669768774875,0,0.358,0,0.14271970093250275,0
uci144-row-0209,4,0,0.7549702737780299,1,0.518,1,0.7754923701286316,1
uci144-row-0210,3,0,0.006611131585098182,0,0.026,0,0.00789800938218832,0
uci144-row-0211,3,0,0.015532749885985922,0,0.036,0,0.014071186073124409,0
uci144-row-0212,3,0,0.051423739376551515,0,0.08,0,0.025738876312971115,0
uci144-row-0213,3,1,0.7415746444594817,1,0.5,1,0.7568140029907227,1
uci144-row-0214,1,1,0.16055419464294413,0,0.43,0,0.43089231848716736,0
uci144-row-0215,1,0,0.05810215873604502,0,0.04,0,0.03356263041496277,0
uci144-row-0216,2,0,0.04616208237460609,0,0.176,0,0.0976928249001503,0
uci144-row-0218,2,0,0.2167558560094933,0,0.386,0,0.29854390025138855,0
uci144-row-0219,4,0,0.6037834526647765,1,0.534,1,0.7617092728614807,1
uci144-row-0223,1,0,0.2022747879449951,0,0.378,0,0.3219107985496521,0
uci144-row-0224,3,0,0.06186534049556066,0,0.122,0,0.0403551422059536,0
uci144-row-0225,3,0,0.04527726191093862,0,0.092,0,0.04731898754835129,0
uci144-row-0226,5,0,0.6097613826143427,1,0.402,0,0.42274710536003113,0
uci144-row-0227,5,1,0.46557358699979495,0,0.45,0,0.23597842454910278,0
uci144-row-0228,4,1,0.5883770780324902,1,0.47,0,0.40621626377105713,0
uci144-row-0231,3,1,0.5393319234765583,1,0.206,0,0.4715210199356079,0
uci144-row-0232,3,0,0.08556251364141411,0,0.136,0,0.04822655767202377,0
uci144-row-0233,3,0,0.06924642253741885,0,0.138,0,0.07282871007919312,0
uci144-row-0234,2,0,0.15168864345341815,0,0.242,0,0.3183795213699341,0
uci144-row-0238,2,1,0.7777741253682651,1,0.384,0,0.30872833728790283,0
uci144-row-0239,4,0,0.06569480707422533,0,0.01,0,0.037331994622945786,0
uci144-row-0240,1,0,0.3140414046509685,0,0.398,0,0.3571530878543854,0
uci144-row-0241,5,1,0.5013989436920948,1,0.482,0,0.7070713043212891,1
uci144-row-0242,4,0,0.04424349005053158,0,0.056,0,0.01508058700710535,0
uci144-row-0243,3,1,0.7280484916413976,1,0.71,1,0.8247762322425842,1
uci144-row-0244,1,0,0.059376048191632905,0,0.04,0,0.016998451203107834,0
uci144-row-0245,1,0,0.10584637119606924,0,0.27,0,0.12079764902591705,0
uci144-row-0246,2,0,0.0684667917276968,0,0.152,0,0.0811506062746048,0
uci144-row-0247,5,0,0.023161584640268285,0,0.008,0,0.017019618302583694,0
uci144-row-0248,2,0,0.6891970178503303,1,0.402,0,0.7189145088195801,1
uci144-row-0249,5,0,0.41310249115077374,0,0.418,0,0.6549234390258789,1
uci144-row-0250,2,1,0.09384300434668325,0,0.13,0,0.02623727172613144,0
uci144-row-0251,4,0,0.023943832962032997,0,0.112,0,0.00581726199015975,0
uci144-row-0252,5,0,0.2329007681541756,0,0.27,0,0.2039204090833664,0
uci144-row-0253,1,1,0.8268474036462345,1,0.604,1,0.85918128490448,1
uci144-row-0254,2,0,0.16546962489571013,0,0.192,0,0.14220423996448517,0
uci144-row-0255,4,0,0.027733351879150707,0,0.21,0,0.07158298790454865,0
uci144-row-0256,2,0,0.24128401111871153,0,0.242,0,0.055376965552568436,0
uci144-row-0257,5,0,0.07322732704569986,0,0.068,0,0.04266893491148949,0
uci144-row-0259,2,0,0.03918147532876526,0,0.162,0,0.023235982283949852,0
uci144-row-0261,4,0,0.2790288155328745,0,0.222,0,0.14548452198505402,0
uci144-row-0263,1,0,0.41390096058285153,0,0.38,0,0.6030201315879822,1
uci144-row-0265,5,0,0.07060987249776549,0,0.074,0,0.034634530544281006,0
uci144-row-0266,1,1,0.4020758742263977,0,0.448,0,0.5659323930740356,1
uci144-row-0267,5,0,0.0363105788653988,0,0.086,0,0.026782982051372528,0
uci144-row-0268,3,0,0.2910267065131367,0,0.232,0,0.1798461526632309,0
uci144-row-0269,3,1,0.4212055855829504,0,0.408,0,0.35345277190208435,0
uci144-row-0270,3,0,0.10406321882022612,0,0.108,0,0.06238236278295517,0
uci144-row-0271,2,0,0.08844250065196918,0,0.124,0,0.06840439885854721,0
uci144-row-0272,2,0,0.016038690883391885,0,0.092,0,0.008095357567071915,0
uci144-row-0273,4,0,0.928571394518427,1,0.684,1,0.926731526851654,1
uci144-row-0275,2,1,0.8940187417873104,1,0.518,1,0.9232827425003052,1
uci144-row-0276,4,0,0.07703528512570072,0,0.038,0,0.0443442165851593,0
uci144-row-0279,3,1,0.11856666566264011,0,0.138,0,0.06467119604349136,0
uci144-row-0280,3,0,0.20131470846537464,0,0.204,0,0.1371767669916153,0
uci144-row-0281,4,0,0.024568112020692805,0,0.132,0,0.019663425162434578,0
uci144-row-0282,3,0,0.15416669032226513,0,0.136,0,0.05547639727592468,0
uci144-row-0285,4,0,0.4259587264480753,0,0.402,0,0.3229653239250183,0
uci144-row-0286,4,0,0.8628315523548973,1,0.768,1,0.9247097373008728,1
uci144-row-0287,5,0,0.7194989414003313,1,0.748,1,0.9156619310379028,1
uci144-row-0288,4,0,0.571348646923423,1,0.476,0,0.3267061710357666,0
uci144-row-0289,2,0,0.15585947605166625,0,0.156,0,0.09474323689937592,0
uci144-row-0291,2,0,0.04610226972784781,0,0.048,0,0.0391702875494957,0
uci144-row-0292,1,1,0.3619636260400815,0,0.536,1,0.5621951818466187,1
uci144-row-0293,4,0,0.17251855511363343,0,0.254,0,0.13566817343235016,0
uci144-row-0295,3,0,0.4254329245542313,0,0.404,0,0.6675757765769958,1
uci144-row-0296,3,1,0.7262942453479462,1,0.538,1,0.6458581686019897,1
uci144-row-0299,5,0,0.14049854568934722,0,0.126,0,0.15651333332061768,0
uci144-row-0300,1,0,0.06297342671275304,0,0.26,0,0.1128154918551445,0
uci144-row-0301,4,0,0.08248762705392303,0,0.104,0,0.02446308545768261,0
uci144-row-0302,3,1,0.4789303849243403,0,0.352,0,0.352638304233551,0
uci144-row-0303,4,1,0.0724660030754091,0,0.26,0,0.259522944688797,0
uci144-row-0304,1,0,0.29257735793902645,0,0.354,0,0.22952866554260254,0
uci144-row-0306,3,0,0.03873021840761408,0,0.07,0,0.010371450334787369,0
uci144-row-0307,5,0,0.04954962863151146,0,0.124,0,0.05744868144392967,0
uci144-row-0308,2,1,0.5138613003970104,1,0.558,1,0.7747676968574524,1
uci144-row-0310,4,0,0.5295398059928674,1,0.312,0,0.29806166887283325,0
uci144-row-0311,3,0,0.6098151891494654,1,0.344,0,0.28726068139076233,0
uci144-row-0312,3,0,0.2708343764862752,0,0.308,0,0.20962698757648468,0
uci144-row-0313,5,0,0.5655996502989705,1,0.466,0,0.4626358151435852,0
uci144-row-0314,2,1,0.47129635800585423,0,0.61,1,0.7034125328063965,1
uci144-row-0315,4,0,0.10676431289368625,0,0.176,0,0.07976537197828293,0
uci144-row-0316,2,1,0.8550626172991488,1,0.76,1,0.7998703122138977,1
uci144-row-0317,1,0,0.21945542289053202,0,0.248,0,0.5483178496360779,1
uci144-row-0319,5,0,0.15973592004604842,0,0.136,0,0.14039069414138794,0
uci144-row-0320,3,0,0.2523883836927049,0,0.386,0,0.15911924839019775,0
uci144-row-0321,1,1,0.5176709679912985,1,0.462,0,0.5970664620399475,1
uci144-row-0322,1,1,0.649780005230442,1,0.64,1,0.7147727012634277,1
uci144-row-0323,3,0,0.15616764278103817,0,0.432,0,0.21857163310050964,0
uci144-row-0324,1,0,0.2386222897045188,0,0.464,0,0.2827543616294861,0
uci144-row-0325,4,0,0.09860992582917824,0,0.084,0,0.09467057138681412,0
uci144-row-0326,2,0,0.17069544628493122,0,0.078,0,0.02689525857567787,0
uci144-row-0327,3,0,0.028292572422924548,0,0.126,0,0.07407859712839127,0
uci144-row-0328,5,0,0.07076704575265592,0,0.09,0,0.03037586249411106,0
uci144-row-0329,3,0,0.5680714987739229,1,0.202,0,0.3667988181114197,0
uci144-row-0332,3,1,0.17241910782330425,0,0.064,0,0.10949211567640305,0
uci144-row-0333,1,1,0.8675085686782471,1,0.526,1,0.3998429775238037,0
uci144-row-0334,5,1,0.1936527413220437,0,0.342,0,0.18606504797935486,0
uci144-row-0335,4,1,0.9178062070513018,1,0.682,1,0.9616389274597168,1
uci144-row-0336,5,1,0.09047476629619332,0,0.204,0,0.01225958950817585,0
uci144-row-0340,2,0,0.39967367812958965,0,0.572,1,0.23555803298950195,0
uci144-row-0341,2,0,0.6480300030596369,1,0.556,1,0.6479765772819519,1
uci144-row-0342,3,0,0.4924602711200529,0,0.42,0,0.5223276615142822,1
uci144-row-0343,4,0,0.42327558864299997,0,0.434,0,0.36753037571907043,0
uci144-row-0344,2,0,0.2108622308172658,0,0.428,0,0.5336817502975464,1
uci144-row-0345,1,0,0.16469297379457348,0,0.338,0,0.10065335780382156,0
uci144-row-0346,2,0,0.06192530517951018,0,0.09,0,0.0324951596558094,0
uci144-row-0349,2,0,0.0387179951880555,0,0.09,0,0.02905435487627983,0
uci144-row-0350,5,1,0.14868683045935296,0,0.386,0,0.4487287104129791,0
uci144-row-0351,2,0,0.11267485845746748,0,0.126,0,0.10446304082870483,0
uci144-row-0352,5,1,0.22905170710306802,0,0.402,0,0.40997079014778137,0
uci144-row-0353,5,0,0.011138811817378073,0,0.094,0,0.006218005903065205,0
uci144-row-0355,3,0,0.1670848774801874,0,0.194,0,0.31255778670310974,0
uci144-row-0357,1,0,0.009820775343239713,0,0.07,0,0.025419004261493683,0
uci144-row-0358,1,1,0.13438819390321238,0,0.192,0,0.16520756483078003,0
uci144-row-0359,3,0,0.10736279266776155,0,0.046,0,0.09260822832584381,0
uci144-row-0360,2,1,0.5648748350339712,1,0.448,0,0.5364111065864563,1
uci144-row-0361,1,0,0.4977222653994681,0,0.552,1,0.8139231204986572,1
uci144-row-0362,1,0,0.07778045700665534,0,0.204,0,0.11493274569511414,0
uci144-row-0363,5,0,0.5555992979512572,1,0.416,0,0.4819393754005432,0
uci144-row-0364,1,0,0.10495094719691292,0,0.152,0,0.03509313240647316,0
uci144-row-0365,5,1,0.5559609387772028,1,0.434,0,0.6570548415184021,1
uci144-row-0366,5,0,0.03866051908754763,0,0.064,0,0.039549220353364944,0
uci144-row-0367,3,0,0.017761532172225186,0,0.076,0,0.00762808695435524,0
uci144-row-0368,5,0,0.6602273544579248,1,0.51,1,0.6020410656929016,1
uci144-row-0369,3,1,0.7819635714033292,1,0.638,1,0.7599586248397827,1
uci144-row-0370,5,0,0.44666041625498415,0,0.386,0,0.5372099876403809,1
uci144-row-0371,5,0,0.10076167227817448,0,0.078,0,0.0415077805519104,0
uci144-row-0372,4,0,0.0690028924630056,0,0.054,0,0.028063639998435974,0
uci144-row-0375,5,1,0.7947986359949585,1,0.446,0,0.5932707786560059,1
uci144-row-0377,1,0,0.12990769628866897,0,0.198,0,0.20775340497493744,0
uci144-row-0378,2,0,0.020851701985633856,0,0.14,0,0.049410875886678696,0
uci144-row-0379,2,1,0.8887439955422739,1,0.826,1,0.9568178653717041,1
uci144-row-0381,3,0,0.20228673034652,0,0.424,0,0.3041172921657562,0
uci144-row-0382,1,1,0.47559947759652715,0,0.558,1,0.7411902546882629,1
uci144-row-0383,1,0,0.14400325738386285,0,0.17,0,0.2574097216129303,0
uci144-row-0385,1,0,0.17386431246846998,0,0.15,0,0.16022774577140808,0
uci144-row-0386,4,0,0.04474189233546454,0,0.078,0,0.0459289625287056,0
uci144-row-0387,3,0,0.14130490185363406,0,0.148,0,0.187776580452919,0
uci144-row-0388,5,0,0.6335285395268847,1,0.45,0,0.5611063838005066,1
uci144-row-0389,1,0,0.22368885604229827,0,0.346,0,0.1868869811296463,0
uci144-row-0390,2,0,0.08975807035151816,0,0.062,0,0.02455335110425949,0
uci144-row-0391,1,0,0.07161839833413997,0,0.144,0,0.11559399217367172,0
uci144-row-0392,2,0,0.12718651175901802,0,0.364,0,0.3113364279270172,0
uci144-row-0393,3,0,0.7702987967057014,1,0.578,1,0.8197627067565918,1
uci144-row-0394,4,0,0.06751452719174601,0,0.188,0,0.02430226467549801,0
uci144-row-0395,3,0,0.06993219166667525,0,0.166,0,0.052198078483343124,0
uci144-row-0397,1,0,0.5327286158563797,1,0.582,1,0.6241015791893005,1
uci144-row-0398,1,0,0.3956011696932653,0,0.45,0,0.6945629715919495,1
uci144-row-0399,1,1,0.3657918966715536,0,0.26,0,0.1602005511522293,0
uci144-row-0400,5,0,0.0067238572715733365,0,0.052,0,0.011419501155614853,0
uci144-row-0401,4,0,0.12688986059680213,0,0.124,0,0.1598464548587799,0
uci144-row-0402,1,0,0.2359367069031142,0,0.408,0,0.4464724659919739,0
uci144-row-0403,1,1,0.44004426512481704,0,0.466,0,0.7143917083740234,1
uci144-row-0404,4,0,0.2505121318701307,0,0.274,0,0.4327189326286316,0
uci144-row-0406,5,1,0.15449030693180432,0,0.276,0,0.21293367445468903,0
uci144-row-0407,4,0,0.005776744949003825,0,0.032,0,0.0022205905988812447,0
uci144-row-0408,1,0,0.4577449181828492,0,0.358,0,0.24955712258815765,0
uci144-row-0409,2,0,0.04975534050437267,0,0.11,0,0.04845964536070824,0
uci144-row-0410,4,1,0.013955585348948621,0,0.132,0,0.03665771707892418,0
uci144-row-0411,3,0,0.32603027782371985,0,0.248,0,0.2551010251045227,0
uci144-row-0412,5,0,0.06664482786281194,0,0.162,0,0.08915868401527405,0
uci144-row-0414,1,0,0.3730717660177943,0,0.198,0,0.12145278602838516,0
uci144-row-0415,2,1,0.3800909235364067,0,0.702,1,0.5094261765480042,1
uci144-row-0416,4,0,0.045179339419688165,0,0.074,0,0.008930916897952557,0
uci144-row-0417,5,1,0.621213714304247,1,0.448,0,0.3424033522605896,0
uci144-row-0418,5,0,0.4403145700322521,0,0.396,0,0.7043367624282837,1
uci144-row-0419,1,0,0.10663030053518281,0,0.252,0,0.07357604801654816,0
uci144-row-0420,1,1,0.33450795823672347,0,0.43,0,0.5865074396133423,1
uci144-row-0421,5,0,0.061137023254766214,0,0.086,0,0.03266360983252525,0
uci144-row-0422,3,0,0.08643739310980715,0,0.276,0,0.06581508368253708,0
uci144-row-0423,3,0,0.13873246725014388,0,0.354,0,0.39577516913414,0
uci144-row-0425,2,1,0.14873865043927023,0,0.19,0,0.10005518049001694,0
uci144-row-0426,1,0,0.18450601736571642,0,0.33,0,0.2210868000984192,0
uci144-row-0427,1,0,0.13654181398790785,0,0.03,0,0.05693885311484337,0
uci144-row-0428,2,0,0.03302696182073486,0,0.066,0,0.02805670164525509,0
uci144-row-0429,1,0,0.06283230161227958,0,0.126,0,0.09100168198347092,0
uci144-row-0430,5,1,0.17030207994000698,0,0.26,0,0.23455150425434113,0
uci144-row-0433,1,0,0.3607451381509367,0,0.378,0,0.1964377760887146,0
uci144-row-0435,3,0,0.3295531201763586,0,0.224,0,0.24609145522117615,0
uci144-row-0437,1,0,0.04060813851635975,0,0.176,0,0.016066191717982292,0
uci144-row-0438,2,0,0.04588206591757755,0,0.036,0,0.04044782370328903,0
uci144-row-0439,3,0,0.8754735160459531,1,0.562,1,0.7528079152107239,1
uci144-row-0440,2,1,0.21046492313087334,0,0.4,0,0.28085216879844666,0
uci144-row-0441,5,0,0.14584200281332665,0,0.108,0,0.10504025220870972,0
uci144-row-0442,2,0,0.2461816200020031,0,0.402,0,0.27294355630874634,0
uci144-row-0443,5,0,0.3486012518260774,0,0.41,0,0.5769359469413757,1
uci144-row-0444,4,1,0.3978308475332517,0,0.296,0,0.6282050609588623,1
uci144-row-0445,2,1,0.33021194883614935,0,0.538,1,0.5575842261314392,1
uci144-row-0446,5,0,0.046071964758903315,0,0.098,0,0.07324854284524918,0
uci144-row-0447,1,1,0.68556615505292,1,0.722,1,0.7667725086212158,1
uci144-row-0448,2,0,0.0907030586806024,0,0.05,0,0.030912814661860466,0
uci144-row-0449,4,0,0.03025175320890526,0,0.138,0,0.04656573012471199,0
uci144-row-0450,3,1,0.12036648901395575,0,0.242,0,0.13845382630825043,0
uci144-row-0451,1,0,0.038742690139506875,0,0.256,0,0.33902600407600403,0
uci144-row-0452,3,0,0.040371764412531694,0,0.07,0,0.007432111073285341,0
uci144-row-0453,2,0,0.21880178167568634,0,0.244,0,0.1482612043619156,0
uci144-row-0454,4,0,0.07852344077353629,0,0.108,0,0.04071822017431259,0
uci144-row-0455,4,1,0.47915242575131384,0,0.554,1,0.5560768842697144,1
uci144-row-0457,5,0,0.4836908479580553,0,0.176,0,0.21695300936698914,0
uci144-row-0458,2,1,0.20021368982192742,0,0.436,0,0.12789389491081238,0
uci144-row-0459,2,0,0.48147778798676855,0,0.404,0,0.0899030864238739,0
uci144-row-0460,2,0,0.1500941606474667,0,0.204,0,0.5259765386581421,1
uci144-row-0461,3,0,0.3293671223465044,0,0.336,0,0.20474739372730255,0
uci144-row-0462,3,0,0.5534748448541396,1,0.47,0,0.4206264913082123,0
uci144-row-0463,4,0,0.5045722880714235,1,0.5,1,0.4743478298187256,0
uci144-row-0465,3,0,0.15527482495504863,0,0.222,0,0.12326116859912872,0
uci144-row-0467,2,1,0.5265517561855303,1,0.49,0,0.6561788320541382,1
uci144-row-0468,1,0,0.5233776252574853,1,0.338,0,0.31235405802726746,0
uci144-row-0469,4,0,0.20145209913477666,0,0.336,0,0.3289332389831543,0
uci144-row-0470,1,0,0.0708584952415093,0,0.084,0,0.03102031536400318,0
uci144-row-0471,5,1,0.5164185225991432,1,0.4,0,0.38908520340919495,0
uci144-row-0472,3,1,0.6906629896194016,1,0.464,0,0.14254194498062134,0
uci144-row-0473,4,1,0.5522860263469423,1,0.436,0,0.6074052453041077,1
uci144-row-0475,4,1,0.24114582587572742,0,0.286,0,0.45615705847740173,0
uci144-row-0476,4,1,0.7567256669934836,1,0.376,0,0.7067864537239075,1
uci144-row-0477,4,0,0.10994398810257172,0,0.108,0,0.04069587588310242,0
uci144-row-0479,5,0,0.08899349331817748,0,0.124,0,0.16231423616409302,0
uci144-row-0480,2,0,0.3147297274553573,0,0.262,0,0.13909535109996796,0
uci144-row-0481,3,0,0.05811469339444892,0,0.188,0,0.055129524320364,0
uci144-row-0482,4,0,0.6451903856946203,1,0.626,1,0.8429501056671143,1
uci144-row-0483,4,0,0.4166945277546798,0,0.356,0,0.337511271238327,0
uci144-row-0484,5,0,0.047464951345760446,0,0.126,0,0.08693762868642807,0
uci144-row-0485,4,0,0.026374877522883276,0,0.044,0,0.015852874144911766,0
uci144-row-0487,3,0,0.05799116178760481,0,0.028,0,0.01473437249660492,0
uci144-row-0488,4,0,0.5020137508809029,1,0.346,0,0.3907114267349243,0
uci144-row-0489,5,0,0.149323637099246,0,0.088,0,0.06576620042324066,0
uci144-row-0490,4,0,0.18390664270757354,0,0.23,0,0.045015983283519745,0
uci144-row-0491,1,0,0.11145276764842094,0,0.06,0,0.03671402856707573,0
uci144-row-0492,1,1,0.5292783101156451,1,0.58,1,0.6982107162475586,1
uci144-row-0493,2,0,0.024041360150203424,0,0.094,0,0.029598556458950043,0
uci144-row-0494,3,0,0.08928318328315073,0,0.234,0,0.03572463616728783,0
uci144-row-0495,4,0,0.4345889497734296,0,0.15,0,0.21394480764865875,0
uci144-row-0496,5,1,0.15284578574521016,0,0.3,0,0.11721830815076828,0
uci144-row-0497,1,1,0.8705603033692707,1,0.572,1,0.7757183909416199,1
uci144-row-0498,1,0,0.09723903965434885,0,0.078,0,0.03561655804514885,0
uci144-row-0499,1,0,0.22081802632817216,0,0.118,0,0.28690341114997864,0
uci144-row-0500,4,0,0.03570691882633753,0,0.134,0,0.021142706274986267,0
uci144-row-0501,5,1,0.7154769566636131,1,0.622,1,0.5489391684532166,1
uci144-row-0502,3,0,0.5007791275902203,1,0.552,1,0.4524390995502472,0
uci144-row-0503,3,0,0.12637033052346391,0,0.124,0,0.09892144054174423,0
uci144-row-0504,3,1,0.7150939547805112,1,0.428,0,0.6874414086341858,1
uci144-row-0505,2,1,0.7932117568230339,1,0.672,1,0.8574031591415405,1
uci144-row-0506,3,1,0.02503043335169181,0,0.128,0,0.013219114392995834,0
uci144-row-0508,2,1,0.47070551083639633,0,0.416,0,0.43577560782432556,0
uci144-row-0509,4,0,0.20606266999805542,0,0.164,0,0.13721705973148346,0
uci144-row-0510,3,0,0.19061595867719774,0,0.302,0,0.19405820965766907,0
uci144-row-0512,2,0,0.08952905246424804,0,0.23,0,0.10141011327505112,0
uci144-row-0513,3,0,0.22457649904762872,0,0.256,0,0.14487692713737488,0
uci144-row-0514,5,0,0.47122327513788076,0,0.368,0,0.39170050621032715,0
uci144-row-0516,1,0,0.3062048846701697,0,0.522,1,0.14242935180664062,0
uci144-row-0517,4,0,0.2459675430353722,0,0.24,0,0.09158109128475189,0
uci144-row-0518,4,1,0.31927117571967434,0,0.2,0,0.22593191266059875,0
uci144-row-0519,2,0,0.2787913703592032,0,0.356,0,0.3203662037849426,0
uci144-row-0520,5,0,0.008914494564555531,0,0.086,0,0.013262918218970299,0
uci144-row-0521,2,0,0.29037124419965693,0,0.262,0,0.16844552755355835,0
uci144-row-0522,1,1,0.27295880108169274,0,0.246,0,0.29713350534439087,0
uci144-row-0526,5,0,0.65717504184814,1,0.486,0,0.5986871719360352,1
uci144-row-0527,2,0,0.19547800536847604,0,0.274,0,0.2914026081562042,0
uci144-row-0528,4,0,0.008254892917800941,0,0.02,0,0.005004288163036108,0
uci144-row-0530,4,0,0.40740642445396363,0,0.366,0,0.10925325006246567,0
uci144-row-0531,2,0,0.7502200313608353,1,0.448,0,0.7922583222389221,1
uci144-row-0532,4,1,0.41820963183230625,0,0.278,0,0.28122228384017944,0
uci144-row-0534,4,0,0.04274334872498727,0,0.054,0,0.030901633203029633,0
uci144-row-0536,5,1,0.3866123144358683,0,0.354,0,0.30771157145500183,0
uci144-row-0537,1,0,0.30558142008874173,0,0.518,1,0.4090028405189514,0
uci144-row-0539,2,1,0.9472104626146167,1,0.66,1,0.8548628091812134,1
uci144-row-0540,2,0,0.23052225089333025,0,0.346,0,0.3187028765678406,0
uci144-row-0541,1,1,0.2689929302883429,0,0.188,0,0.1164015606045723,0
uci144-row-0544,1,1,0.1198759894698441,0,0.24,0,0.13817301392555237,0
uci144-row-0546,4,1,0.6085493358913793,1,0.612,1,0.899989128112793,1
uci144-row-0547,3,0,0.08926659637418773,0,0.036,0,0.060593705624341965,0
uci144-row-0548,5,0,0.14753288026129852,0,0.248,0,0.1385902315378189,0
uci144-row-0550,1,0,0.03653497833923506,0,0.282,0,0.06916113942861557,0
uci144-row-0551,5,0,0.012823608805724149,0,0.072,0,0.013226622715592384,0
uci144-row-0553,2,1,0.26001710530268207,0,0.446,0,0.39924246072769165,0
uci144-row-0554,3,0,0.2508473341398979,0,0.282,0,0.2212883085012436,0
uci144-row-0555,4,0,0.26129868577310733,0,0.25,0,0.28145214915275574,0
uci144-row-0556,3,1,0.33080610377715514,0,0.322,0,0.2254205197095871,0
uci144-row-0557,5,1,0.7170019923381099,1,0.342,0,0.596392035484314,1
uci144-row-0558,1,1,0.18629071184096938,0,0.386,0,0.3407263159751892,0
uci144-row-0559,1,1,0.7000521415863677,1,0.574,1,0.36222994327545166,0
uci144-row-0560,1,1,0.21674747731265362,0,0.314,0,0.3938921391963959,0
uci144-row-0561,2,0,0.272596320952922,0,0.386,0,0.2072257548570633,0
uci144-row-0562,2,1,0.5069608306297413,1,0.494,0,0.4180130064487457,0
uci144-row-0565,2,0,0.3561160454072178,0,0.266,0,0.24912260472774506,0
uci144-row-0566,2,0,0.23035904298662035,0,0.42,0,0.3332150876522064,0
uci144-row-0567,3,1,0.321190083494319,0,0.466,0,0.37034982442855835,0
uci144-row-0568,3,0,0.014652497359982086,0,0.066,0,0.007939252071082592,0
uci144-row-0569,3,0,0.3131744961723513,0,0.26,0,0.1274096965789795,0
uci144-row-0570,1,1,0.6333062716214731,1,0.688,1,0.7303777933120728,1
uci144-row-0573,4,0,0.05790255108021949,0,0.106,0,0.02355087734758854,0
uci144-row-0574,4,0,0.4853700319214248,0,0.532,1,0.7933648824691772,1
uci144-row-0575,5,0,0.34029078388197453,0,0.218,0,0.26839160919189453,0
uci144-row-0576,4,0,0.09155138509038381,0,0.204,0,0.0590115487575531,0
uci144-row-0577,5,0,0.0990470870811063,0,0.186,0,0.061290428042411804,0
uci144-row-0578,5,0,0.03784415247518353,0,0.134,0,0.06625434011220932,0
uci144-row-0579,3,1,0.6113641653196232,1,0.396,0,0.4223860502243042,0
uci144-row-0581,2,1,0.29041150617426237,0,0.488,0,0.5805562138557434,1
uci144-row-0582,2,0,0.5090965373608196,1,0.378,0,0.3465428352355957,0
uci144-row-0583,5,0,0.3439860804069028,0,0.13,0,0.12888100743293762,0
uci144-row-0584,1,1,0.8581991091785188,1,0.606,1,0.8607050776481628,1
uci144-row-0585,2,0,0.07245394363684267,0,0.244,0,0.08300285786390305,0
uci144-row-0586,5,1,0.5984005340203902,1,0.558,1,0.7205747961997986,1
uci144-row-0587,5,0,0.44288201678505834,0,0.144,0,0.15028825402259827,0
uci144-row-0589,1,1,0.33265306646416753,0,0.384,0,0.5233396291732788,1
uci144-row-0590,4,1,0.1838796702954559,0,0.172,0,0.03755226731300354,0
uci144-row-0591,2,0,0.11054778485087742,0,0.222,0,0.11682699620723724,0
uci144-row-0592,2,0,0.4283310410364415,0,0.38,0,0.48753973841667175,0
uci144-row-0593,5,0,0.047353862863982035,0,0.278,0,0.12928344309329987,0
uci144-row-0594,3,1,0.4316392763510316,0,0.416,0,0.3269800841808319,0
uci144-row-0596,5,1,0.18681581656187415,0,0.428,0,0.29178836941719055,0
uci144-row-0597,2,1,0.7698186688230515,1,0.612,1,0.6555793881416321,1
uci144-row-0598,5,1,0.16399518296937662,0,0.316,0,0.44585710763931274,0
uci144-row-0600,4,0,0.2825727295487969,0,0.326,0,0.2562117278575897,0
uci144-row-0601,4,0,0.1866198039998425,0,0.296,0,0.08058717101812363,0
uci144-row-0602,2,1,0.35543762200703743,0,0.374,0,0.396159827709198,0
uci144-row-0603,3,1,0.8208618968589331,1,0.618,1,0.8858001232147217,1
uci144-row-0604,1,1,0.1355539127144436,0,0.182,0,0.12157700210809708,0
uci144-row-0605,5,0,0.6448132785234919,1,0.418,0,0.6413167715072632,1
uci144-row-0606,5,0,0.5685791410571885,1,0.212,0,0.34835752844810486,0
uci144-row-0607,4,0,0.07580076010457795,0,0.198,0,0.2217787206172943,0
uci144-row-0608,5,1,0.2990392170236571,0,0.39,0,0.2649858593940735,0
uci144-row-0610,4,0,0.06037376098005164,0,0.202,0,0.15696199238300323,0
uci144-row-0611,3,1,0.329066940998322,0,0.654,1,0.824128270149231,1
uci144-row-0612,2,1,0.18259959708167284,0,0.306,0,0.34310591220855713,0
uci144-row-0613,3,0,0.5693614243460202,1,0.41,0,0.5406094789505005,1
uci144-row-0614,4,0,0.5637952675402912,1,0.616,1,0.34040242433547974,0
uci144-row-0615,4,1,0.04031976028635604,0,0.182,0,0.08851000666618347,0
uci144-row-0616,4,0,0.7958089122954529,1,0.584,1,0.7581977844238281,1
uci144-row-0617,4,0,0.6824587195594716,1,0.394,0,0.451641321182251,0
uci144-row-0618,2,0,0.367512222292228,0,0.204,0,0.04306592419743538,0
uci144-row-0619,2,1,0.3751136772915494,0,0.444,0,0.23614457249641418,0
uci144-row-0620,2,0,0.1783065105618961,0,0.148,0,0.07346273213624954,0
uci144-row-0622,4,1,0.18721222036954024,0,0.288,0,0.3322029113769531,0
uci144-row-0623,5,1,0.19508999193742496,0,0.264,0,0.16653966903686523,0
uci144-row-0624,5,0,0.7637068130685788,1,0.618,1,0.8002623915672302,1
uci144-row-0625,3,1,0.5804389890089098,1,0.528,1,0.6924383640289307,1
uci144-row-0626,4,0,0.06612050244286484,0,0.01,0,0.042407214641571045,0
uci144-row-0627,4,0,0.07688942770468049,0,0.076,0,0.02937668189406395,0
uci144-row-0628,5,1,0.3549224271713568,0,0.318,0,0.26603221893310547,0
uci144-row-0629,3,0,0.09952956972180935,0,0.14,0,0.07197097688913345,0
uci144-row-0630,2,0,0.06862308180520035,0,0.174,0,0.07451178133487701,0
uci144-row-0631,4,0,0.476471012018696,0,0.61,1,0.555075466632843,1
uci144-row-0632,4,1,0.6910081517187238,1,0.622,1,0.6598609685897827,1
uci144-row-0633,3,0,0.17003048251911013,0,0.324,0,0.2410321682691574,0
uci144-row-0634,2,1,0.18882722119943754,0,0.2,0,0.12532936036586761,0
uci144-row-0635,2,1,0.4674944421918389,0,0.588,1,0.7713575959205627,1
uci144-row-0636,3,0,0.4530058057370044,0,0.418,0,0.38272374868392944,0
uci144-row-0637,4,0,0.04650343865385288,0,0.048,0,0.022120704874396324,0
uci144-row-0638,2,0,0.4861555872330334,0,0.412,0,0.49949243664741516,0
uci144-row-0639,3,0,0.2467467240897317,0,0.24,0,0.1457492858171463,0
uci144-row-0640,3,1,0.5543695353479365,1,0.482,0,0.6675240397453308,1
uci144-row-0641,5,1,0.5842808424101107,1,0.494,0,0.8305607438087463,1
uci144-row-0642,2,0,0.6961830168203199,1,0.426,0,0.7618191838264465,1
uci144-row-0643,4,1,0.16709564922151934,0,0.144,0,0.14460262656211853,0
uci144-row-0644,2,0,0.025707125215225286,0,0.092,0,0.03889508917927742,0
uci144-row-0645,4,0,0.07899893754462407,0,0.232,0,0.08515816926956177,0
uci144-row-0646,2,1,0.28071647013559,0,0.408,0,0.3862115740776062,0
uci144-row-0647,3,0,0.47470339041005666,0,0.428,0,0.6657372713088989,1
uci144-row-0649,1,1,0.6469949640332896,1,0.572,1,0.9398605823516846,1
uci144-row-0650,3,1,0.830117722079034,1,0.618,1,0.9442192316055298,1
uci144-row-0651,3,0,0.8669344651196292,1,0.738,1,0.9312082529067993,1
uci144-row-0652,1,1,0.3664899247694884,0,0.23,0,0.19789467751979828,0
uci144-row-0653,2,1,0.5099080858835258,1,0.434,0,0.5837289094924927,1
uci144-row-0655,2,0,0.04415323315843912,0,0.018,0,0.011881066486239433,0
uci144-row-0656,2,0,0.589029893637154,1,0.464,0,0.49832627177238464,0
uci144-row-0657,4,1,0.624061763697158,1,0.616,1,0.8823234438896179,1
uci144-row-0660,4,0,0.21057424053210216,0,0.4,0,0.3172387480735779,0
uci144-row-0661,3,0,0.2814019789180051,0,0.264,0,0.267571359872818,0
uci144-row-0662,5,1,0.24785883422189428,0,0.504,1,0.6703614592552185,1
uci144-row-0667,5,0,0.5015741239997189,1,0.35,0,0.2820478081703186,0
uci144-row-0668,4,0,0.3799712011670262,0,0.412,0,0.16417858004570007,0
uci144-row-0670,4,0,0.15714251192900563,0,0.17,0,0.10226386040449142,0
uci144-row-0671,2,0,0.059147244506949095,0,0.106,0,0.06369009613990784,0
uci144-row-0673,5,0,0.41446912505729605,0,0.336,0,0.23602090775966644,0
uci144-row-0674,3,0,0.021034204250178806,0,0.044,0,0.006368858739733696,0
uci144-row-0675,2,1,0.1466295106543311,0,0.284,0,0.24471017718315125,0
uci144-row-0676,5,0,0.06798890078485981,0,0.206,0,0.10284403711557388,0
uci144-row-0677,5,0,0.10112881086681105,0,0.094,0,0.15639832615852356,0
uci144-row-0680,1,0,0.1261434074663386,0,0.176,0,0.1959986537694931,0
uci144-row-0681,4,0,0.4629414396021945,0,0.298,0,0.24299992620944977,0
uci144-row-0685,5,0,0.27271018693520993,0,0.352,0,0.3490796983242035,0
uci144-row-0686,2,0,0.3683648461883591,0,0.294,0,0.3277758061885834,0
uci144-row-0687,4,0,0.01129281283260326,0,0.096,0,0.0384807363152504,0
uci144-row-0688,1,0,0.8028339392838583,1,0.684,1,0.8198775053024292,1
uci144-row-0689,2,0,0.033716846964902354,0,0.096,0,0.017759740352630615,0
uci144-row-0690,1,0,0.18876742583258727,0,0.316,0,0.12110567092895508,0
uci144-row-0691,3,0,0.18455283475648876,0,0.36,0,0.4390258491039276,0
uci144-row-0693,1,0,0.36213326989060063,0,0.312,0,0.43550941348075867,0
uci144-row-0694,3,0,0.20052434902757807,0,0.112,0,0.03470157831907272,0
uci144-row-0695,2,0,0.10435502138993695,0,0.07,0,0.08748707175254822,0
uci144-row-0696,5,0,0.03125628850925634,0,0.066,0,0.02572755701839924,0
uci144-row-0698,2,0,0.04191107232620577,0,0.108,0,0.08792327344417572,0
uci144-row-0701,5,1,0.1490096233325335,0,0.106,0,0.16672013700008392,0
uci144-row-0702,3,1,0.4536275950119663,0,0.5,1,0.47169023752212524,0
uci144-row-0703,1,0,0.3302900975815595,0,0.416,0,0.4672048091888428,0
uci144-row-0704,1,0,0.7408346149371844,1,0.442,0,0.66607266664505,1
uci144-row-0705,1,0,0.4754814761130685,0,0.428,0,0.5730909109115601,1
uci144-row-0706,2,0,0.11533351599812496,0,0.17,0,0.14381836354732513,0
uci144-row-0707,5,1,0.620568333174824,1,0.39,0,0.25586020946502686,0
uci144-row-0708,4,1,0.7719970979269422,1,0.45,0,0.4616101086139679,0
uci144-row-0709,2,0,0.28722731664014706,0,0.082,0,0.1054660752415657,0
uci144-row-0711,5,0,0.037425646620741854,0,0.232,0,0.07839066535234451,0
uci144-row-0712,4,1,0.678493330802152,1,0.548,1,0.5690662860870361,1
uci144-row-0713,4,0,0.01608614793244784,0,0.044,0,0.018231231719255447,0
uci144-row-0714,2,0,0.21929370286984445,0,0.08,0,0.04654177278280258,0
uci144-row-0715,1,1,0.8738810050798013,1,0.68,1,0.7284951210021973,1
uci144-row-0717,5,0,0.023113076004788183,0,0.042,0,0.012615198269486427,0
uci144-row-0719,1,0,0.07259696357860052,0,0.196,0,0.11450481414794922,0
uci144-row-0720,1,0,0.6270896574682819,1,0.418,0,0.40878477692604065,0
uci144-row-0721,1,1,0.22961382310745104,0,0.3,0,0.3091297149658203,0
uci144-row-0722,4,1,0.6927371177409043,1,0.528,1,0.4541381895542145,0
uci144-row-0723,1,1,0.4347969798454781,0,0.182,0,0.2793525457382202,0
uci144-row-0724,3,0,0.14801907868000552,0,0.498,0,0.3616963028907776,0
uci144-row-0727,4,0,0.026990886965339675,0,0.044,0,0.0328468456864357,0
uci144-row-0728,3,1,0.8365264718933015,1,0.608,1,0.8762617707252502,1
uci144-row-0729,4,1,0.9530900486493875,1,0.57,1,0.8503169417381287,1
uci144-row-0731,4,0,0.6222581942682797,1,0.516,1,0.7260779142379761,1
uci144-row-0732,4,1,0.511235695002381,1,0.55,1,0.8171214461326599,1
uci144-row-0733,5,0,0.1179956850886994,0,0.06,0,0.027133487164974213,0
uci144-row-0734,2,0,0.027205928992279915,0,0.098,0,0.014374172315001488,0
uci144-row-0735,5,0,0.011947563118766439,0,0.038,0,0.0035537227522581816,0
uci144-row-0736,1,0,0.8872437484682306,1,0.556,1,0.8241920471191406,1
uci144-row-0737,5,1,0.49340885048984523,0,0.498,0,0.5257766842842102,1
uci144-row-0738,5,0,0.36299051392343645,0,0.378,0,0.47452083230018616,0
uci144-row-0739,5,0,0.07310108532373065,0,0.184,0,0.018191492184996605,0
uci144-row-0741,2,0,0.6769996100432173,1,0.58,1,0.6831815838813782,1
uci144-row-0742,4,0,0.37805500852119595,0,0.368,0,0.34279870986938477,0
uci144-row-0744,3,0,0.46506848638446086,0,0.198,0,0.3235836327075958,0
uci144-row-0745,4,0,0.2478158402899031,0,0.448,0,0.577290415763855,1
uci144-row-0746,4,0,0.46268994716475814,0,0.24,0,0.13717855513095856,0
uci144-row-0748,4,1,0.5103030385892113,1,0.504,1,0.5767307877540588,1
uci144-row-0749,3,0,0.024333524470182628,0,0.114,0,0.032609835267066956,0
uci144-row-0750,5,0,0.0610113214805325,0,0.058,0,0.024384496733546257,0
uci144-row-0751,1,0,0.39113417369483106,0,0.454,0,0.11311965435743332,0
uci144-row-0753,3,0,0.21634414607205077,0,0.302,0,0.5292739272117615,1
uci144-row-0754,5,0,0.12419477285934118,0,0.134,0,0.0775732547044754,0
uci144-row-0755,1,1,0.08839785374359362,0,0.246,0,0.06246940791606903,0
uci144-row-0756,4,1,0.5325942080400052,1,0.61,1,0.7346032857894897,1
uci144-row-0757,1,0,0.07826223997020758,0,0.15,0,0.027213314548134804,0
uci144-row-0758,2,1,0.03441924085034092,0,0.146,0,0.060806386172771454,0
uci144-row-0759,3,0,0.05207624094340661,0,0.098,0,0.04553566128015518,0
uci144-row-0760,5,1,0.40379877807324455,0,0.168,0,0.2951415777206421,0
uci144-row-0761,5,0,0.005685159313647403,0,0.052,0,0.030458010733127594,0
uci144-row-0763,2,0,0.4393791562805496,0,0.462,0,0.42838379740715027,0
uci144-row-0764,5,1,0.03519275866971469,0,0.142,0,0.03357416018843651,0
uci144-row-0765,5,0,0.06256721571509848,0,0.034,0,0.013752968981862068,0
uci144-row-0766,2,0,0.28229780735684346,0,0.322,0,0.18897581100463867,0
uci144-row-0767,4,1,0.6634854717531644,1,0.562,1,0.5801172256469727,1
uci144-row-0768,1,0,0.03538008896976318,0,0.094,0,0.051731716841459274,0
uci144-row-0769,3,0,0.16877515160841725,0,0.338,0,0.1519414186477661,0
uci144-row-0770,2,0,0.026788303877842708,0,0.028,0,0.01912868395447731,0
uci144-row-0771,1,0,0.20587416523748836,0,0.474,0,0.22057956457138062,0
uci144-row-0772,2,1,0.8585780721297975,1,0.478,0,0.6962565183639526,1
uci144-row-0774,4,0,0.09458526490847317,0,0.238,0,0.1457114815711975,0
uci144-row-0775,1,0,0.4670374955039145,0,0.422,0,0.290056973695755,0
uci144-row-0776,4,1,0.469216484782544,0,0.502,1,0.640916645526886,1
uci144-row-0777,1,0,0.10859308228953539,0,0.082,0,0.03564444184303284,0
uci144-row-0778,4,0,0.16626442260534588,0,0.486,0,0.1804836392402649,0
uci144-row-0779,3,0,0.02791937242156201,0,0.116,0,0.033312223851680756,0
uci144-row-0781,3,1,0.09446900441478669,0,0.294,0,0.15564052760601044,0
uci144-row-0782,3,0,0.024923676511763068,0,0.026,0,0.018285857513546944,0
uci144-row-0783,2,0,0.3282421257357735,0,0.46,0,0.4046141505241394,0
uci144-row-0784,3,1,0.6617644174378905,1,0.65,1,0.9066970348358154,1
uci144-row-0785,2,0,0.06204533958073126,0,0.232,0,0.0429595410823822,0
uci144-row-0786,1,0,0.12283778767685985,0,0.284,0,0.17077089846134186,0
uci144-row-0787,5,0,0.06099768567106014,0,0.04,0,0.020205996930599213,0
uci144-row-0788,3,0,0.05096959462522295,0,0.094,0,0.011618703603744507,0
uci144-row-0790,3,1,0.9144271740987503,1,0.586,1,0.6945436596870422,1
uci144-row-0791,4,1,0.3149553054088345,0,0.358,0,0.5389344096183777,1
uci144-row-0793,3,0,0.011773308681025262,0,0.04,0,0.01144840195775032,0
uci144-row-0796,4,0,0.16481211153344028,0,0.224,0,0.20215937495231628,0
uci144-row-0798,3,0,0.13134425800926566,0,0.304,0,0.14917802810668945,0
uci144-row-0799,4,0,0.07256290103676973,0,0.25,0,0.24420984089374542,0
uci144-row-0806,4,1,0.5332889841241375,1,0.67,1,0.7714225053787231,1
uci144-row-0808,2,0,0.018784781024158405,0,0.044,0,0.023269282653927803,0
uci144-row-0809,4,0,0.8175775503991952,1,0.608,1,0.8313584327697754,1
uci144-row-0810,1,1,0.6132044107042565,1,0.422,0,0.3170154392719269,0
uci144-row-0811,5,0,0.3570939440954671,0,0.216,0,0.1285810023546219,0
uci144-row-0812,2,0,0.10844065783982723,0,0.216,0,0.019876699894666672,0
uci144-row-0813,4,1,0.2175272196680298,0,0.504,1,0.5211908221244812,1
uci144-row-0814,3,1,0.49887431231670337,0,0.606,1,0.6153579950332642,1
uci144-row-0815,1,1,0.7665865936028035,1,0.55,1,0.7210060358047485,1
uci144-row-0816,1,0,0.7527455086940625,1,0.496,0,0.6643313765525818,1
uci144-row-0817,2,0,0.03427101076557925,0,0.072,0,0.02868238463997841,0
uci144-row-0820,2,1,0.6347888411134611,1,0.57,1,0.7683534622192383,1
uci144-row-0821,2,0,0.15271037647489427,0,0.084,0,0.0785285085439682,0
uci144-row-0822,5,0,0.20128250694762032,0,0.174,0,0.09501390904188156,0
uci144-row-0823,5,1,0.8019051377351688,1,0.592,1,0.6831403970718384,1
uci144-row-0824,1,0,0.2939780172048876,0,0.158,0,0.039235878735780716,0
uci144-row-0825,3,0,0.1160642474567521,0,0.236,0,0.14381231367588043,0
uci144-row-0826,4,0,0.35053266372239905,0,0.354,0,0.3367747366428375,0
uci144-row-0827,4,1,0.3270780013021759,0,0.472,0,0.45969074964523315,0
uci144-row-0828,2,1,0.2927485368598764,0,0.25,0,0.39699700474739075,0
uci144-row-0829,3,1,0.28933252073409,0,0.466,0,0.3656655251979828,0
uci144-row-0830,1,0,0.5008289192934879,1,0.364,0,0.2886492609977722,0
uci144-row-0831,3,0,0.09973325394188848,0,0.152,0,0.04801645129919052,0
uci144-row-0834,1,0,0.15831608629185015,0,0.138,0,0.22036921977996826,0
uci144-row-0835,4,1,0.2304707422004139,0,0.252,0,0.08408667147159576,0
uci144-row-0836,1,1,0.7894696532565912,1,0.508,1,0.6714116334915161,1
uci144-row-0837,2,0,0.048790018467543744,0,0.108,0,0.15918637812137604,0
uci144-row-0838,1,0,0.11246997928881039,0,0.258,0,0.09670425206422806,0
uci144-row-0839,4,0,0.12102706246560276,0,0.316,0,0.0920267403125763,0
uci144-row-0840,2,0,0.08217900134672362,0,0.06,0,0.03971467539668083,0
uci144-row-0842,5,0,0.22398666550866556,0,0.3,0,0.13743771612644196,0
uci144-row-0843,5,1,0.30447939556277426,0,0.194,0,0.1580631285905838,0
uci144-row-0844,2,0,0.2234203629521453,0,0.386,0,0.31776687502861023,0
uci144-row-0847,5,1,0.13602712428889535,0,0.18,0,0.12775319814682007,0
uci144-row-0848,4,0,0.4083562474047638,0,0.23,0,0.4455646276473999,0
uci144-row-0850,2,1,0.3273947309676046,0,0.248,0,0.2295311987400055,0
uci144-row-0851,3,1,0.5719782148226756,1,0.542,1,0.7683506011962891,1
uci144-row-0852,3,0,0.005990631316384641,0,0.028,0,0.005750848911702633,0
uci144-row-0853,1,0,0.06372350017926807,0,0.168,0,0.023352541029453278,0
uci144-row-0856,5,0,0.237789595034668,0,0.102,0,0.0703793466091156,0
uci144-row-0858,4,0,0.1033723940063249,0,0.156,0,0.04796777293086052,0
uci144-row-0860,3,0,0.08632784714971707,0,0.134,0,0.03318608179688454,0
uci144-row-0862,3,1,0.08747564712125461,0,0.148,0,0.09821978956460953,0
uci144-row-0863,3,1,0.5512665548096426,1,0.586,1,0.5410336852073669,1
uci144-row-0864,2,0,0.06128943090658049,0,0.268,0,0.1695220023393631,0
uci144-row-0865,2,1,0.22494489044932975,0,0.154,0,0.12026441097259521,0
uci144-row-0866,2,0,0.08872682560379713,0,0.206,0,0.08296996355056763,0
uci144-row-0867,3,0,0.6540995285722797,1,0.498,0,0.5029218196868896,1
uci144-row-0868,5,0,0.05793333439723545,0,0.184,0,0.05105902999639511,0
uci144-row-0869,3,0,0.15214468675171255,0,0.226,0,0.15274177491664886,0
uci144-row-0870,5,0,0.6853896843763535,1,0.646,1,0.7852984666824341,1
uci144-row-0871,5,0,0.14463039164778377,0,0.192,0,0.1307257115840912,0
uci144-row-0872,5,0,0.10373535701840003,0,0.106,0,0.040741611272096634,0
uci144-row-0873,5,0,0.07072330925989896,0,0.254,0,0.11591724306344986,0
uci144-row-0874,3,0,0.05141320423634426,0,0.202,0,0.23851391673088074,0
uci144-row-0875,4,0,0.5272119699009001,1,0.29,0,0.2401159703731537,0
uci144-row-0877,3,0,0.7782647482652588,1,0.616,1,0.9264974594116211,1
uci144-row-0879,2,1,0.4552877725020336,0,0.306,0,0.14936766028404236,0
uci144-row-0880,5,0,0.013598516453447484,0,0.058,0,0.013958021067082882,0
uci144-row-0881,4,0,0.05815451123357485,0,0.14,0,0.009554452262818813,0
uci144-row-0882,2,0,0.041611520063443985,0,0.204,0,0.12633666396141052,0
uci144-row-0883,2,0,0.24580523565186876,0,0.25,0,0.18973460793495178,0
uci144-row-0884,1,0,0.09565430412291062,0,0.1,0,0.08243036270141602,0
uci144-row-0885,3,1,0.2501638664872319,0,0.28,0,0.19515830278396606,0
uci144-row-0886,5,1,0.7305551639850004,1,0.726,1,0.8106135725975037,1
uci144-row-0887,2,0,0.17743857284952838,0,0.278,0,0.06548933684825897,0
uci144-row-0889,4,0,0.26328956229899153,0,0.174,0,0.1978273242712021,0
uci144-row-0890,2,0,0.11097290882299733,0,0.456,0,0.4826030433177948,0
uci144-row-0892,5,0,0.046212542930772184,0,0.002,0,0.019190626218914986,0
uci144-row-0893,3,0,0.5248447032381505,1,0.342,0,0.27954965829849243,0
uci144-row-0894,3,0,0.12446978958558483,0,0.308,0,0.21597550809383392,0
uci144-row-0895,1,0,0.03342602302956203,0,0.038,0,0.029817409813404083,0
uci144-row-0896,1,0,0.07149298700522784,0,0.254,0,0.07600817084312439,0
uci144-row-0897,4,0,0.7136949874560969,1,0.588,1,0.7569170594215393,1
uci144-row-0898,1,0,0.017501939582997866,0,0.04,0,0.017475130036473274,0
uci144-row-0899,5,0,0.038467355140406036,0,0.278,0,0.15002283453941345,0
uci144-row-0900,1,1,0.47308323221398574,0,0.32,0,0.5677957534790039,1
uci144-row-0901,5,1,0.23323617218812184,0,0.454,0,0.18250587582588196,0
uci144-row-0902,4,0,0.03777804831743027,0,0.116,0,0.035169567912817,0
uci144-row-0903,1,0,0.08613993536192095,0,0.332,0,0.3393283188343048,0
uci144-row-0904,4,0,0.062325193103886234,0,0.032,0,0.03735291212797165,0
uci144-row-0905,1,0,0.055060458030934595,0,0.086,0,0.056973837316036224,0
uci144-row-0906,2,0,0.24393534354122953,0,0.386,0,0.34494882822036743,0
uci144-row-0907,1,0,0.22631130117800452,0,0.394,0,0.10274891555309296,0
uci144-row-0908,4,0,0.508988744731329,1,0.29,0,0.2433379888534546,0
uci144-row-0909,3,0,0.046578003494740845,0,0.228,0,0.04947567731142044,0
uci144-row-0910,5,0,0.056992374049359286,0,0.102,0,0.025893302634358406,0
uci144-row-0911,4,0,0.24886459118348475,0,0.288,0,0.40553659200668335,0
uci144-row-0912,1,1,0.4948112931262216,0,0.464,0,0.5878645181655884,1
uci144-row-0913,5,0,0.08012695869557024,0,0.058,0,0.03239838033914566,0
uci144-row-0914,4,0,0.02327598868629114,0,0.04,0,0.03620323911309242,0
uci144-row-0915,2,1,0.6384815455923292,1,0.566,1,0.6023489832878113,1
uci144-row-0917,1,0,0.033172650994181124,0,0.108,0,0.03577269986271858,0
uci144-row-0919,4,1,0.32972570121111144,0,0.428,0,0.29545384645462036,0
uci144-row-0920,4,1,0.6449708498961182,1,0.516,1,0.7505109310150146,1
uci144-row-0921,4,0,0.18255741732960343,0,0.134,0,0.15992999076843262,0
uci144-row-0923,3,1,0.49384351811169475,0,0.446,0,0.3445092439651489,0
uci144-row-0924,4,0,0.2937566229236286,0,0.404,0,0.15675263106822968,0
uci144-row-0925,3,1,0.7455654358405811,1,0.554,1,0.6838282942771912,1
uci144-row-0926,4,1,0.8183469211222679,1,0.57,1,0.8443693518638611,1
uci144-row-0927,3,0,0.5418925601370738,1,0.482,0,0.6940239667892456,1
uci144-row-0928,1,1,0.8126126070271982,1,0.544,1,0.7362292408943176,1
uci144-row-0929,1,0,0.07163194460946774,0,0.026,0,0.045518908649683,0
uci144-row-0930,3,0,0.4936740136755913,0,0.512,1,0.5877761244773865,1
uci144-row-0931,4,0,0.7488873684911531,1,0.642,1,0.8019029498100281,1
uci144-row-0933,3,0,0.04203531868970741,0,0.044,0,0.03405994176864624,0
uci144-row-0935,2,0,0.6156338351772881,1,0.46,0,0.46684929728507996,0
uci144-row-0936,4,1,0.7590138873312747,1,0.52,1,0.6819837689399719,1
uci144-row-0938,5,0,0.5372515182902803,1,0.432,0,0.25454387068748474,0
uci144-row-0940,5,0,0.00669342400170947,0,0.09,0,0.013270484283566475,0
uci144-row-0941,5,0,0.04956193626164419,0,0.13,0,0.0359639935195446,0
uci144-row-0943,5,0,0.09494499867411937,0,0.134,0,0.11162642389535904,0
uci144-row-0944,3,0,0.025657110710104805,0,0.056,0,0.012958000414073467,0
uci144-row-0946,2,0,0.8328026305805877,1,0.482,0,0.6875085830688477,1
uci144-row-0947,3,1,0.6775094727526664,1,0.468,0,0.7211096286773682,1
uci144-row-0949,2,1,0.13314847597340482,0,0.246,0,0.10490740090608597,0
uci144-row-0950,5,1,0.07010166364619497,0,0.054,0,0.012465445324778557,0
uci144-row-0951,5,0,0.17134636715337193,0,0.388,0,0.14407362043857574,0
uci144-row-0952,3,1,0.252337697126586,0,0.492,0,0.6196618676185608,1
uci144-row-0953,2,1,0.2766016567306028,0,0.36,0,0.3122790455818176,0
uci144-row-0955,5,0,0.31038960913880426,0,0.38,0,0.34285110235214233,0
uci144-row-0956,1,0,0.12314540942372586,0,0.216,0,0.1798957735300064,0
uci144-row-0957,5,0,0.10344120651099648,0,0.204,0,0.030481485649943352,0
uci144-row-0958,3,0,0.06941475001573373,0,0.162,0,0.07376942783594131,0
uci144-row-0959,2,1,0.6551288731023086,1,0.52,1,0.595592200756073,1
uci144-row-0960,1,0,0.6122557329826602,1,0.606,1,0.6489578485488892,1
uci144-row-0961,3,0,0.06475831861964286,0,0.082,0,0.010939117521047592,0
uci144-row-0962,5,0,0.3376283957922527,0,0.312,0,0.5383099913597107,1
uci144-row-0963,2,0,0.16436980198168558,0,0.124,0,0.06958935409784317,0
uci144-row-0964,3,1,0.15826692658077157,0,0.17,0,0.08190403133630753,0
uci144-row-0965,3,0,0.32288359113615095,0,0.404,0,0.07840622216463089,0
uci144-row-0966,2,0,0.2396383643367976,0,0.178,0,0.23216114938259125,0
uci144-row-0968,4,0,0.38764695170231867,0,0.304,0,0.17965596914291382,0
uci144-row-0969,4,0,0.09492089126207374,0,0.128,0,0.041231948882341385,0
uci144-row-0970,5,0,0.19347938975909165,0,0.09,0,0.05977637320756912,0
uci144-row-0971,4,0,0.24944814804480372,0,0.212,0,0.10133662819862366,0
uci144-row-0972,3,0,0.20593802160420877,0,0.204,0,0.20665335655212402,0
uci144-row-0973,1,1,0.8610031922984903,1,0.604,1,0.8598349094390869,1
uci144-row-0974,1,1,0.9600637426570219,1,0.69,1,0.864138126373291,1
uci144-row-0976,2,0,0.1280374429091714,0,0.366,0,0.6207926273345947,1
uci144-row-0977,1,0,0.09929090201672384,0,0.174,0,0.049698956310749054,0
uci144-row-0979,3,1,0.2653315444021472,0,0.198,0,0.14046700298786163,0
uci144-row-0980,3,1,0.40233744251526066,0,0.504,1,0.6658268570899963,1
uci144-row-0981,5,1,0.2646439881616151,0,0.488,0,0.45677807927131653,0
uci144-row-0982,1,1,0.6312392397725917,1,0.34,0,0.6193291544914246,1
uci144-row-0983,4,0,0.2306055312159734,0,0.236,0,0.12434346228837967,0
uci144-row-0984,1,1,0.4597888268452434,0,0.336,0,0.4788898527622223,0
uci144-row-0985,1,0,0.04858925908771428,0,0.078,0,0.05471053719520569,0
uci144-row-0986,5,0,0.5822778243729538,1,0.282,0,0.2247985303401947,0
uci144-row-0987,3,0,0.7246503092980603,1,0.472,0,0.5785006880760193,1
uci144-row-0988,2,0,0.06516449485357804,0,0.068,0,0.04444626346230507,0
uci144-row-0989,5,0,0.695509802638214,1,0.562,1,0.6476139426231384,1
uci144-row-0990,2,0,0.30509389216561544,0,0.44,0,0.4012972116470337,0
uci144-row-0991,1,0,0.09143325555874748,0,0.214,0,0.06982025504112244,0
uci144-row-0992,1,0,0.3093655993762823,0,0.446,0,0.29926589131355286,0
uci144-row-0995,1,0,0.11306903684560779,0,0.048,0,0.05733384191989899,0
uci144-row-0996,3,0,0.06381240206669742,0,0.128,0,0.029331250116229057,0
uci144-row-0998,4,0,0.12512710418592207,0,0.082,0,0.15878859162330627,0
uci144-row-1000,1,0,0.38250630439026767,0,0.318,0,0.43307745456695557,0
