source_row_id,outer_fold,bad_credit_risk,tuned_xgboost_probability,tuned_xgboost_prediction,untuned_xgboost_probability,untuned_xgboost_prediction
uci144-row-0001,5,0,0.05511627346277237,0,0.0126258758828043,0
uci144-row-0004,4,0,0.5375662446022034,1,0.3729287385940552,0
uci144-row-0005,3,1,0.6900947690010071,1,0.675956666469574,1
uci144-row-0006,2,0,0.3941558301448822,0,0.2065590173006057,0
uci144-row-0008,1,0,0.33991360664367676,0,0.3434430658817291,0
uci144-row-0009,3,0,0.04786466807126999,0,0.007634388282895,0
uci144-row-0010,1,1,0.5387452840805054,1,0.5286976099014282,1
uci144-row-0011,3,1,0.5209667682647705,1,0.657178521156311,1
uci144-row-0013,2,0,0.14525218307971954,0,0.2117644846439361,0
uci144-row-0015,3,0,0.5027744174003601,1,0.6684199571609497,1
uci144-row-0016,5,1,0.4866257309913635,0,0.5199953317642212,1
uci144-row-0017,3,0,0.0465754009783268,0,0.0104983802884817,0
uci144-row-0018,1,0,0.5429567694664001,1,0.7224457263946533,1
uci144-row-0019,3,1,0.5842369198799133,1,0.7494161128997803,1
uci144-row-0020,5,0,0.03210591524839401,0,0.0298100113868713,0
uci144-row-0021,4,0,0.03201034665107727,0,0.0134710948914289,0
uci144-row-0024,5,0,0.15463334321975708,0,0.1300053745508194,0
uci144-row-0025,2,0,0.01476258598268032,0,0.0141619034111499,0
uci144-row-0026,1,0,0.08394414186477661,0,0.096715934574604,0
uci144-row-0027,3,0,0.10177991539239883,0,0.0289443153887987,0
uci144-row-0028,2,0,0.3406432271003723,0,0.1677751690149307,0
uci144-row-0030,4,1,0.7930599451065063,1,0.9075986742973328,1
uci144-row-0032,5,0,0.7167579531669617,1,0.768491804599762,1
uci144-row-0033,2,0,0.48140427470207214,0,0.4171369671821594,0
uci144-row-0034,2,0,0.13695457577705383,0,0.09847192466259,0
uci144-row-0035,2,0,0.20923399925231934,0,0.2001184374094009,0
uci144-row-0036,3,1,0.41396552324295044,0,0.4743880033493042,0
uci144-row-0037,4,0,0.4049873352050781,0,0.576115608215332,1
uci144-row-0038,2,1,0.3525334298610687,0,0.246363028883934,0
uci144-row-0040,1,0,0.16952426731586456,0,0.1915492862462997,0
uci144-row-0041,5,0,0.1717296540737152,0,0.1574804782867431,0
uci144-row-0042,5,0,0.1664109230041504,0,0.2272798120975494,0
uci144-row-0043,3,0,0.3854084014892578,0,0.3057309091091156,0
uci144-row-0045,4,1,0.49121129512786865,0,0.4736598134040832,0
uci144-row-0046,4,0,0.13954266905784607,0,0.1027972549200058,0
uci144-row-0049,1,0,0.09865636378526688,0,0.0872147306799888,0
uci144-row-0050,3,0,0.07986144721508026,0,0.1175347566604614,0
uci144-row-0051,1,0,0.579060435295105,1,0.5947011113166809,1
uci144-row-0052,4,0,0.336470365524292,0,0.1184299439191818,0
uci144-row-0054,5,0,0.027346178889274597,0,0.0134093612432479,0
uci144-row-0055,2,1,0.899863064289093,1,0.8905966281890869,1
uci144-row-0056,1,0,0.1934066265821457,0,0.1786403656005859,0
uci144-row-0057,2,1,0.10378152877092361,0,0.1021402329206466,0
uci144-row-0058,1,0,0.4908214509487152,0,0.6161951422691345,1
uci144-row-0059,2,0,0.6375600695610046,1,0.5149102210998535,1
uci144-row-0060,4,1,0.6874353885650635,1,0.7782639265060425,1
uci144-row-0061,4,0,0.1458667665719986,0,0.0850486606359481,0
uci144-row-0062,3,0,0.11730127036571503,0,0.0256226267665624,0
uci144-row-0063,4,1,0.7845433354377747,1,0.8460752964019775,1
uci144-row-0064,2,1,0.6595512628555298,1,0.7917518615722656,1
uci144-row-0066,5,0,0.09283886849880219,0,0.0975919961929321,0
uci144-row-0067,4,0,0.2426692396402359,0,0.205377385020256,0
uci144-row-0068,1,0,0.23403969407081604,0,0.1435201466083526,0
uci144-row-0069,5,1,0.3628627061843872,0,0.3391777276992798,0
uci144-row-0070,5,0,0.04731700196862221,0,0.0289665982127189,0
uci144-row-0072,5,0,0.04109979793429375,0,0.0087830517441034,0
uci144-row-0073,1,0,0.3695663511753082,0,0.3557974994182586,0
uci144-row-0074,2,0,0.3566387891769409,0,0.2712465822696686,0
uci144-row-0075,5,1,0.25035732984542847,0,0.3082099556922912,0
uci144-row-0076,2,0,0.2196381390094757,0,0.176818698644638,0
uci144-row-0077,3,1,0.6034048199653625,1,0.5340016484260559,1
uci144-row-0078,4,0,0.11566086858510971,0,0.180854246020317,0
uci144-row-0080,5,0,0.5191773772239685,1,0.6360263824462891,1
uci144-row-0081,5,1,0.07236188650131226,0,0.020086757838726,0
uci144-row-0082,3,0,0.15320536494255066,0,0.0498868189752101,0
uci144-row-0083,1,0,0.21522939205169678,0,0.2401459068059921,0
uci144-row-0085,1,0,0.17958956956863403,0,0.180741935968399,0
uci144-row-0087,1,0,0.45335671305656433,0,0.5324599146842957,1
uci144-row-0088,1,1,0.8069712519645691,1,0.7762930393218994,1
uci144-row-0089,1,0,0.32433921098709106,0,0.2675684988498688,0
uci144-row-0091,1,0,0.04335242882370949,0,0.0280275326222181,0
uci144-row-0092,5,0,0.14642129838466644,0,0.068011924624443,0
uci144-row-0093,5,1,0.12746135890483856,0,0.0868457853794097,0
uci144-row-0094,3,0,0.2664562463760376,0,0.3256776034832001,0
uci144-row-0095,2,0,0.24596884846687317,0,0.254843533039093,0
uci144-row-0096,3,1,0.8026095032691956,1,0.9447075128555298,1
uci144-row-0098,2,0,0.24547512829303741,0,0.253030002117157,0
uci144-row-0099,5,0,0.30768439173698425,0,0.3125643134117126,0
uci144-row-0100,1,0,0.0964379757642746,0,0.099611185491085,0
uci144-row-0101,4,0,0.23751352727413177,0,0.2950479388236999,0
uci144-row-0102,5,0,0.6351805329322815,1,0.6740657687187195,1
uci144-row-0103,5,0,0.05247349292039871,0,0.0203966088593006,0
uci144-row-0104,5,0,0.18727228045463562,0,0.2306443601846695,0
uci144-row-0105,3,0,0.09299305081367493,0,0.0567467883229255,0
uci144-row-0106,5,1,0.3975217044353485,0,0.3394896686077118,0
uci144-row-0107,4,1,0.3224338889122009,0,0.3880662620067596,0
uci144-row-0109,3,0,0.48236626386642456,0,0.4480496644973755,0
uci144-row-0110,5,0,0.1159406304359436,0,0.1002873852849006,0
uci144-row-0111,3,0,0.14978386461734772,0,0.0918657034635543,0
uci144-row-0112,3,0,0.6698054671287537,1,0.4984621703624725,0
uci144-row-0114,4,1,0.260720819234848,0,0.1324620097875595,0
uci144-row-0115,1,0,0.13804744184017181,0,0.1120422035455703,0
uci144-row-0117,1,1,0.20037665963172913,0,0.160006433725357,0
uci144-row-0118,4,0,0.1509542465209961,0,0.0839273706078529,0
uci144-row-0119,2,1,0.14344334602355957,0,0.2172770947217941,0
uci144-row-0120,1,0,0.23914113640785217,0,0.1292938292026519,0
uci144-row-0121,2,1,0.5901325345039368,1,0.547648012638092,1
uci144-row-0122,2,0,0.045149289071559906,0,0.028142936527729,0
uci144-row-0124,2,0,0.20415903627872467,0,0.2003285586833953,0
uci144-row-0125,4,1,0.36672812700271606,0,0.2972775101661682,0
uci144-row-0126,2,0,0.3016546666622162,0,0.2945241034030914,0
uci144-row-0127,3,0,0.45727312564849854,0,0.6125651597976685,1
uci144-row-0128,4,1,0.4882909953594208,0,0.3964524567127228,0
uci144-row-0131,4,0,0.4915415048599243,0,0.4750971496105194,0
uci144-row-0132,3,1,0.6825688481330872,1,0.7492286562919617,1
uci144-row-0133,5,0,0.4193001687526703,0,0.4571707546710968,0
uci144-row-0136,1,0,0.01907716505229473,0,0.0120128439739346,0
uci144-row-0137,1,0,0.18928080797195435,0,0.0764418095350265,0
uci144-row-0138,5,1,0.19218873977661133,0,0.2064341902732849,0
uci144-row-0140,2,0,0.14237172901630402,0,0.2367824614048004,0
uci144-row-0141,5,0,0.15127642452716827,0,0.0827697664499282,0
uci144-row-0144,1,1,0.5428934097290039,1,0.4708987772464752,0
uci144-row-0145,3,0,0.14199867844581604,0,0.0738280490040779,0
uci144-row-0146,3,0,0.3211008906364441,0,0.3927003145217895,0
uci144-row-0147,2,0,0.1331564337015152,0,0.1252537071704864,0
uci144-row-0148,1,0,0.08206218481063843,0,0.058044746518135,0
uci144-row-0149,5,0,0.5618934035301208,1,0.4389480352401733,0
uci144-row-0150,2,0,0.02116190455853939,0,0.0217939242720603,0
uci144-row-0151,3,0,0.161045104265213,0,0.0767790824174881,0
uci144-row-0152,5,0,0.025381606072187424,0,0.0311358664184808,0
uci144-row-0153,1,0,0.2732093632221222,0,0.2108812481164932,0
uci144-row-0154,4,0,0.27908217906951904,0,0.0977899208664894,0
uci144-row-0155,2,0,0.22344136238098145,0,0.1028747931122779,0
uci144-row-0156,1,1,0.57753986120224,1,0.5790707468986511,1
uci144-row-0157,2,0,0.06865612417459488,0,0.080970712006092,0
uci144-row-0158,2,0,0.8370712995529175,1,0.8086028695106506,1
uci144-row-0159,1,0,0.22572696208953857,0,0.1967244297266006,0
uci144-row-0161,3,0,0.04602930322289467,0,0.0145981274545192,0
uci144-row-0162,1,0,0.14205171167850494,0,0.1952823847532272,0
uci144-row-0163,5,0,0.0788111537694931,0,0.0723968967795372,0
uci144-row-0164,3,0,0.491569846868515,0,0.52255779504776,1
uci144-row-0165,4,0,0.26146528124809265,0,0.263193666934967,0
uci144-row-0166,1,0,0.0470600388944149,0,0.0274287220090627,0
uci144-row-0169,5,0,0.19190077483654022,0,0.1663143783807754,0
uci144-row-0170,5,1,0.2195703238248825,0,0.2480932921171188,0
uci144-row-0171,1,1,0.662787914276123,1,0.7748411297798157,1
uci144-row-0173,3,1,0.38574889302253723,0,0.5204511284828186,1
uci144-row-0174,1,0,0.03426257520914078,0,0.0128773301839828,0
uci144-row-0175,2,1,0.6083072423934937,1,0.6155226230621338,1
uci144-row-0176,4,1,0.09636267274618149,0,0.0297624636441469,0
uci144-row-0177,2,0,0.32673460245132446,0,0.4077776670455932,0
uci144-row-0178,4,0,0.11510243266820908,0,0.0198792330920696,0
uci144-row-0180,1,0,0.5666892528533936,1,0.4380081593990326,0
uci144-row-0181,5,1,0.25553202629089355,0,0.2611427307128906,0
uci144-row-0182,5,1,0.6165387034416199,1,0.4947724640369415,0
uci144-row-0184,3,0,0.05711262300610542,0,0.0104529401287436,0
uci144-row-0185,5,1,0.47929486632347107,0,0.7123681902885437,1
uci144-row-0186,2,0,0.02655426599085331,0,0.0334548130631446,0
uci144-row-0187,4,1,0.1949325054883957,0,0.1171598508954048,0
uci144-row-0189,4,1,0.4317624866962433,0,0.2609402239322662,0
uci144-row-0190,1,0,0.4287134110927582,0,0.5760421752929688,1
uci144-row-0192,2,1,0.2943963408470154,0,0.3297315537929535,0
uci144-row-0194,3,0,0.04770147427916527,0,0.0220719836652278,0
uci144-row-0196,4,1,0.10634136945009232,0,0.1305544078350067,0
uci144-row-0197,4,0,0.019523154944181442,0,0.0066045527346432,0
uci144-row-0198,1,1,0.6740288734436035,1,0.8918097615242004,1
uci144-row-0199,1,0,0.3253146708011627,0,0.276375949382782,0
uci144-row-0201,4,0,0.05008362606167793,0,0.0510936006903648,0
uci144-row-0202,5,0,0.4600275456905365,0,0.4954387247562408,0
uci144-row-0203,5,0,0.28090354800224304,0,0.2410367131233215,0
uci144-row-0204,5,1,0.6661812663078308,1,0.64827561378479,1
uci144-row-0205,1,0,0.037480879575014114,0,0.038770392537117,0
uci144-row-0206,1,0,0.6180827617645264,1,0.8166415095329285,1
uci144-row-0207,3,0,0.06255730986595154,0,0.0330740287899971,0
uci144-row-0208,1,0,0.18602444231510162,0,0.1427197009325027,0
uci144-row-0209,4,0,0.699759304523468,1,0.7754923701286316,1
uci144-row-0210,3,0,0.04504246637225151,0,0.0078980093821883,0
uci144-row-0211,3,0,0.031943179666996,0,0.0140711860731244,0
uci144-row-0212,3,0,0.0771755576133728,0,0.0257388763129711,0
uci144-row-0213,3,1,0.5904896855354309,1,0.7568140029907227,1
uci144-row-0214,1,1,0.5038114190101624,1,0.4308923184871673,0
uci144-row-0215,1,0,0.035267651081085205,0,0.0335626304149627,0
uci144-row-0216,2,0,0.1564529836177826,0,0.0976928249001503,0
uci144-row-0218,2,0,0.3421779274940491,0,0.2985439002513885,0
uci144-row-0219,4,0,0.6123983860015869,1,0.7617092728614807,1
uci144-row-0223,1,0,0.2310820072889328,0,0.3219107985496521,0
uci144-row-0224,3,0,0.09919995069503784,0,0.0403551422059536,0
uci144-row-0225,3,0,0.0854516476392746,0,0.0473189875483512,0
uci144-row-0226,5,0,0.2901909351348877,0,0.4227471053600311,0
uci144-row-0227,5,1,0.33820685744285583,0,0.2359784245491027,0
uci144-row-0228,4,1,0.366640567779541,0,0.4062162637710571,0
uci144-row-0231,3,1,0.41304025053977966,0,0.4715210199356079,0
uci144-row-0232,3,0,0.12032794952392578,0,0.0482265576720237,0
uci144-row-0233,3,0,0.0766955018043518,0,0.0728287100791931,0
uci144-row-0234,2,0,0.35508036613464355,0,0.3183795213699341,0
uci144-row-0238,2,1,0.3913610577583313,0,0.3087283372879028,0
uci144-row-0239,4,0,0.050814904272556305,0,0.0373319946229457,0
uci144-row-0240,1,0,0.5637829899787903,1,0.3571530878543854,0
uci144-row-0241,5,1,0.5401841402053833,1,0.7070713043212891,1
uci144-row-0242,4,0,0.03297726437449455,0,0.0150805870071053,0
uci144-row-0243,3,1,0.637776792049408,1,0.8247762322425842,1
uci144-row-0244,1,0,0.031043119728565216,0,0.0169984512031078,0
uci144-row-0245,1,0,0.08077307790517807,0,0.120797649025917,0
uci144-row-0246,2,0,0.042340800166130066,0,0.0811506062746048,0
uci144-row-0247,5,0,0.03204359859228134,0,0.0170196183025836,0
uci144-row-0248,2,0,0.6424152255058289,1,0.7189145088195801,1
uci144-row-0249,5,0,0.4897572994232178,0,0.6549234390258789,1
uci144-row-0250,2,1,0.037405211478471756,0,0.0262372717261314,0
uci144-row-0251,4,0,0.05594468116760254,0,0.0058172619901597,0
uci144-row-0252,5,0,0.18581821024417877,0,0.2039204090833664,0
uci144-row-0253,1,1,0.8358732461929321,1,0.85918128490448,1
uci144-row-0254,2,0,0.14900711178779602,0,0.1422042399644851,0
uci144-row-0255,4,0,0.07599713653326035,0,0.0715829879045486,0
uci144-row-0256,2,0,0.0665934607386589,0,0.0553769655525684,0
uci144-row-0257,5,0,0.08240388333797455,0,0.0426689349114894,0
uci144-row-0259,2,0,0.028662273660302162,0,0.0232359822839498,0
uci144-row-0261,4,0,0.19352665543556213,0,0.145484521985054,0
uci144-row-0263,1,0,0.49537190794944763,0,0.6030201315879822,1
uci144-row-0265,5,0,0.05476834625005722,0,0.034634530544281,0
uci144-row-0266,1,1,0.5016171932220459,1,0.5659323930740356,1
uci144-row-0267,5,0,0.06684945523738861,0,0.0267829820513725,0
uci144-row-0268,3,0,0.29949459433555603,0,0.1798461526632309,0
uci144-row-0269,3,1,0.43147918581962585,0,0.3534527719020843,0
uci144-row-0270,3,0,0.1194235309958458,0,0.0623823627829551,0
uci144-row-0271,2,0,0.04611899331212044,0,0.0684043988585472,0
uci144-row-0272,2,0,0.011613032780587673,0,0.0080953575670719,0
uci144-row-0273,4,0,0.6814225316047668,1,0.926731526851654,1
uci144-row-0275,2,1,0.7661241292953491,1,0.9232827425003052,1
uci144-row-0276,4,0,0.04329207167029381,0,0.0443442165851593,0
uci144-row-0279,3,1,0.11784729361534119,0,0.0646711960434913,0
uci144-row-0280,3,0,0.12973561882972717,0,0.1371767669916153,0
uci144-row-0281,4,0,0.04404457286000252,0,0.0196634251624345,0
uci144-row-0282,3,0,0.11362987011671066,0,0.0554763972759246,0
uci144-row-0285,4,0,0.3481798470020294,0,0.3229653239250183,0
uci144-row-0286,4,0,0.8542137742042542,1,0.9247097373008728,1
uci144-row-0287,5,0,0.8013946413993835,1,0.9156619310379028,1
uci144-row-0288,4,0,0.54314124584198,1,0.3267061710357666,0
uci144-row-0289,2,0,0.07786823809146881,0,0.0947432368993759,0
uci144-row-0291,2,0,0.022316519170999527,0,0.0391702875494957,0
uci144-row-0292,1,1,0.4901143014431,0,0.5621951818466187,1
uci144-row-0293,4,0,0.2769356966018677,0,0.1356681734323501,0
uci144-row-0295,3,0,0.3595494031906128,0,0.6675757765769958,1
uci144-row-0296,3,1,0.6057511568069458,1,0.6458581686019897,1
uci144-row-0299,5,0,0.14031848311424255,0,0.1565133333206176,0
uci144-row-0300,1,0,0.19731248915195465,0,0.1128154918551445,0
uci144-row-0301,4,0,0.0579674132168293,0,0.0244630854576826,0
uci144-row-0302,3,1,0.4050140976905823,0,0.352638304233551,0
uci144-row-0303,4,1,0.23098382353782654,0,0.259522944688797,0
uci144-row-0304,1,0,0.22470471262931824,0,0.2295286655426025,0
uci144-row-0306,3,0,0.05735638365149498,0,0.0103714503347873,0
uci144-row-0307,5,0,0.12460672110319138,0,0.0574486814439296,0
uci144-row-0308,2,1,0.73614102602005,1,0.7747676968574524,1
uci144-row-0310,4,0,0.34263697266578674,0,0.2980616688728332,0
uci144-row-0311,3,0,0.47377243638038635,0,0.2872606813907623,0
uci144-row-0312,3,0,0.24457447230815887,0,0.2096269875764846,0
uci144-row-0313,5,0,0.5457096099853516,1,0.4626358151435852,0
uci144-row-0314,2,1,0.6989040374755859,1,0.7034125328063965,1
uci144-row-0315,4,0,0.13645005226135254,0,0.0797653719782829,0
uci144-row-0316,2,1,0.835582971572876,1,0.7998703122138977,1
uci144-row-0317,1,0,0.5914684534072876,1,0.5483178496360779,1
uci144-row-0319,5,0,0.07776666432619095,0,0.1403906941413879,0
uci144-row-0320,3,0,0.3610684275627136,0,0.1591192483901977,0
uci144-row-0321,1,1,0.5472914576530457,1,0.5970664620399475,1
uci144-row-0322,1,1,0.7011984586715698,1,0.7147727012634277,1
uci144-row-0323,3,0,0.48331570625305176,0,0.2185716331005096,0
uci144-row-0324,1,0,0.4627184569835663,0,0.2827543616294861,0
uci144-row-0325,4,0,0.1316671073436737,0,0.0946705713868141,0
uci144-row-0326,2,0,0.022792771458625793,0,0.0268952585756778,0
uci144-row-0327,3,0,0.0958983451128006,0,0.0740785971283912,0
uci144-row-0328,5,0,0.07330049574375153,0,0.030375862494111,0
uci144-row-0329,3,0,0.41304025053977966,0,0.3667988181114197,0
uci144-row-0332,3,1,0.08115912228822708,0,0.109492115676403,0
uci144-row-0333,1,1,0.5297417640686035,1,0.3998429775238037,0
uci144-row-0334,5,1,0.20984144508838654,0,0.1860650479793548,0
uci144-row-0335,4,1,0.8272555470466614,1,0.9616389274597168,1
uci144-row-0336,5,1,0.06095803529024124,0,0.0122595895081758,0
uci144-row-0340,2,0,0.3497060239315033,0,0.2355580329895019,0
uci144-row-0341,2,0,0.7443686723709106,1,0.6479765772819519,1
uci144-row-0342,3,0,0.5539931058883667,1,0.5223276615142822,1
uci144-row-0343,4,0,0.3447125256061554,0,0.3675303757190704,0
uci144-row-0344,2,0,0.590068519115448,1,0.5336817502975464,1
uci144-row-0345,1,0,0.23370417952537537,0,0.1006533578038215,0
uci144-row-0346,2,0,0.028498707339167595,0,0.0324951596558094,0
uci144-row-0349,2,0,0.039644066244363785,0,0.0290543548762798,0
uci144-row-0350,5,1,0.24957479536533356,0,0.4487287104129791,0
uci144-row-0351,2,0,0.053892843425273895,0,0.1044630408287048,0
uci144-row-0352,5,1,0.29512518644332886,0,0.4099707901477813,0
uci144-row-0353,5,0,0.024566099047660828,0,0.0062180059030652,0
uci144-row-0355,3,0,0.25079259276390076,0,0.3125577867031097,0
uci144-row-0357,1,0,0.029888013377785683,0,0.0254190042614936,0
uci144-row-0358,1,1,0.1733478307723999,0,0.16520756483078,0
uci144-row-0359,3,0,0.13190679252147675,0,0.0926082283258438,0
uci144-row-0360,2,1,0.5758885741233826,1,0.5364111065864563,1
uci144-row-0361,1,0,0.7992391586303711,1,0.8139231204986572,1
uci144-row-0362,1,0,0.11628392338752747,0,0.1149327456951141,0
uci144-row-0363,5,0,0.41366082429885864,0,0.4819393754005432,0
uci144-row-0364,1,0,0.04486233741044998,0,0.0350931324064731,0
uci144-row-0365,5,1,0.6106961369514465,1,0.6570548415184021,1
uci144-row-0366,5,0,0.048037294298410416,0,0.0395492203533649,0
uci144-row-0367,3,0,0.056632936000823975,0,0.0076280869543552,0
uci144-row-0368,5,0,0.6191003322601318,1,0.6020410656929016,1
uci144-row-0369,3,1,0.5681337118148804,1,0.7599586248397827,1
uci144-row-0370,5,0,0.4860393702983856,0,0.5372099876403809,1
uci144-row-0371,5,0,0.07150150835514069,0,0.0415077805519104,0
uci144-row-0372,4,0,0.06372661143541336,0,0.0280636399984359,0
uci144-row-0375,5,1,0.4711546003818512,0,0.5932707786560059,1
uci144-row-0377,1,0,0.14458860456943512,0,0.2077534049749374,0
uci144-row-0378,2,0,0.08054681867361069,0,0.0494108758866786,0
uci144-row-0379,2,1,0.9005748629570007,1,0.956817865371704,1
uci144-row-0381,3,0,0.36698272824287415,0,0.3041172921657562,0
uci144-row-0382,1,1,0.7192064523696899,1,0.7411902546882629,1
uci144-row-0383,1,0,0.19585931301116943,0,0.2574097216129303,0
uci144-row-0385,1,0,0.16244471073150635,0,0.160227745771408,0
uci144-row-0386,4,0,0.061488136649131775,0,0.0459289625287056,0
uci144-row-0387,3,0,0.21198029816150665,0,0.187776580452919,0
uci144-row-0388,5,0,0.5271919369697571,1,0.5611063838005066,1
uci144-row-0389,1,0,0.316001296043396,0,0.1868869811296463,0
uci144-row-0390,2,0,0.0371876023709774,0,0.0245533511042594,0
uci144-row-0391,1,0,0.10804315656423569,0,0.1155939921736717,0
uci144-row-0392,2,0,0.39992350339889526,0,0.3113364279270172,0
uci144-row-0393,3,0,0.7403472065925598,1,0.8197627067565918,1
uci144-row-0394,4,0,0.05218487232923508,0,0.024302264675498,0
uci144-row-0395,3,0,0.05902900919318199,0,0.0521980784833431,0
uci144-row-0397,1,0,0.6769038438796997,1,0.6241015791893005,1
uci144-row-0398,1,0,0.6345138549804688,1,0.6945629715919495,1
uci144-row-0399,1,1,0.25711673498153687,0,0.1602005511522293,0
uci144-row-0400,5,0,0.042180657386779785,0,0.0114195011556148,0
uci144-row-0401,4,0,0.2010621279478073,0,0.1598464548587799,0
uci144-row-0402,1,0,0.4783441126346588,0,0.4464724659919739,0
uci144-row-0403,1,1,0.6004405617713928,1,0.7143917083740234,1
uci144-row-0404,4,0,0.33145976066589355,0,0.4327189326286316,0
uci144-row-0406,5,1,0.23097573220729828,0,0.212933674454689,0
uci144-row-0407,4,0,0.018829671666026115,0,0.0022205905988812,0
uci144-row-0408,1,0,0.33899223804473877,0,0.2495571225881576,0
uci144-row-0409,2,0,0.0424235537648201,0,0.0484596453607082,0
uci144-row-0410,4,1,0.08148589730262756,0,0.0366577170789241,0
uci144-row-0411,3,0,0.3387340009212494,0,0.2551010251045227,0
uci144-row-0412,5,0,0.13696026802062988,0,0.089158684015274,0
uci144-row-0414,1,0,0.12484652549028397,0,0.1214527860283851,0
uci144-row-0415,2,1,0.46405670046806335,0,0.5094261765480042,1
uci144-row-0416,4,0,0.056302573531866074,0,0.0089309168979525,0
uci144-row-0417,5,1,0.43893536925315857,0,0.3424033522605896,0
uci144-row-0418,5,0,0.36433106660842896,0,0.7043367624282837,1
uci144-row-0419,1,0,0.3167051374912262,0,0.0735760480165481,0
uci144-row-0420,1,1,0.5918117761611938,1,0.5865074396133423,1
uci144-row-0421,5,0,0.05951382592320442,0,0.0326636098325252,0
uci144-row-0422,3,0,0.17771005630493164,0,0.065815083682537,0
uci144-row-0423,3,0,0.2925863564014435,0,0.39577516913414,0
uci144-row-0425,2,1,0.06972727924585342,0,0.1000551804900169,0
uci144-row-0426,1,0,0.3141077756881714,0,0.2210868000984192,0
uci144-row-0427,1,0,0.05029179900884628,0,0.0569388531148433,0
uci144-row-0428,2,0,0.031894296407699585,0,0.028056701645255,0
uci144-row-0429,1,0,0.10517002642154694,0,0.0910016819834709,0
uci144-row-0430,5,1,0.34020012617111206,0,0.2345515042543411,0
uci144-row-0433,1,0,0.2855873107910156,0,0.1964377760887146,0
uci144-row-0435,3,0,0.2335476577281952,0,0.2460914552211761,0
uci144-row-0437,1,0,0.036265093833208084,0,0.0160661917179822,0
uci144-row-0438,2,0,0.03505013510584831,0,0.040447823703289,0
uci144-row-0439,3,0,0.3880465030670166,0,0.7528079152107239,1
uci144-row-0440,2,1,0.3395768105983734,0,0.2808521687984466,0
uci144-row-0441,5,0,0.11622805148363113,0,0.1050402522087097,0
uci144-row-0442,2,0,0.27717262506484985,0,0.2729435563087463,0
uci144-row-0443,5,0,0.5936987996101379,1,0.5769359469413757,1
uci144-row-0444,4,1,0.3342721462249756,0,0.6282050609588623,1
uci144-row-0445,2,1,0.5985016822814941,1,0.5575842261314392,1
uci144-row-0446,5,0,0.0636812373995781,0,0.0732485428452491,0
uci144-row-0447,1,1,0.7584090828895569,1,0.7667725086212158,1
uci144-row-0448,2,0,0.03172741085290909,0,0.0309128146618604,0
uci144-row-0449,4,0,0.06774093210697174,0,0.0465657301247119,0
uci144-row-0450,3,1,0.2416420578956604,0,0.1384538263082504,0
uci144-row-0451,1,0,0.2962973117828369,0,0.339026004076004,0
uci144-row-0452,3,0,0.06010615825653076,0,0.0074321110732853,0
uci144-row-0453,2,0,0.07478050142526627,0,0.1482612043619156,0
uci144-row-0454,4,0,0.0823216363787651,0,0.0407182201743125,0
uci144-row-0455,4,1,0.4855214059352875,0,0.5560768842697144,1
uci144-row-0457,5,0,0.17738859355449677,0,0.2169530093669891,0
uci144-row-0458,2,1,0.15995900332927704,0,0.1278938949108123,0
uci144-row-0459,2,0,0.11796729266643524,0,0.0899030864238739,0
uci144-row-0460,2,0,0.3666212260723114,0,0.5259765386581421,1
uci144-row-0461,3,0,0.4482477009296417,0,0.2047473937273025,0
uci144-row-0462,3,0,0.4934527575969696,0,0.4206264913082123,0
uci144-row-0463,4,0,0.3555894196033478,0,0.4743478298187256,0
uci144-row-0465,3,0,0.22283922135829926,0,0.1232611685991287,0
uci144-row-0467,2,1,0.5907570719718933,1,0.6561788320541382,1
uci144-row-0468,1,0,0.4350312352180481,0,0.3123540580272674,0
uci144-row-0469,4,0,0.2442137598991394,0,0.3289332389831543,0
uci144-row-0470,1,0,0.048910632729530334,0,0.0310203153640031,0
uci144-row-0471,5,1,0.3061549961566925,0,0.3890852034091949,0
uci144-row-0472,3,1,0.3770749866962433,0,0.1425419449806213,0
uci144-row-0473,4,1,0.6249492168426514,1,0.6074052453041077,1
uci144-row-0475,4,1,0.4211743175983429,0,0.4561570584774017,0
uci144-row-0476,4,1,0.6077108383178711,1,0.7067864537239075,1
uci144-row-0477,4,0,0.07989922910928726,0,0.0406958758831024,0
uci144-row-0479,5,0,0.18382470309734344,0,0.162314236164093,0
uci144-row-0480,2,0,0.11313051730394363,0,0.1390953510999679,0
uci144-row-0481,3,0,0.12219712883234024,0,0.055129524320364,0
uci144-row-0482,4,0,0.8169258236885071,1,0.8429501056671143,1
uci144-row-0483,4,0,0.38192039728164673,0,0.337511271238327,0
uci144-row-0484,5,0,0.1595710664987564,0,0.086937628686428,0
uci144-row-0485,4,0,0.042029209434986115,0,0.0158528741449117,0
uci144-row-0487,3,0,0.05776439234614372,0,0.0147343724966049,0
uci144-row-0488,4,0,0.27410048246383667,0,0.3907114267349243,0
uci144-row-0489,5,0,0.10259749740362167,0,0.0657662004232406,0
uci144-row-0490,4,0,0.08014354854822159,0,0.0450159832835197,0
uci144-row-0491,1,0,0.02954494208097458,0,0.0367140285670757,0
uci144-row-0492,1,1,0.6337661743164062,1,0.6982107162475586,1
uci144-row-0493,2,0,0.03127573803067207,0,0.02959855645895,0
uci144-row-0494,3,0,0.16851966083049774,0,0.0357246361672878,0
uci144-row-0495,4,0,0.17652449011802673,0,0.2139448076486587,0
uci144-row-0496,5,1,0.13974522054195404,0,0.1172183081507682,0
uci144-row-0497,1,1,0.6785505414009094,1,0.7757183909416199,1
uci144-row-0498,1,0,0.09392200410366058,0,0.0356165580451488,0
uci144-row-0499,1,0,0.45430809259414673,0,0.2869034111499786,0
uci144-row-0500,4,0,0.07326357811689377,0,0.0211427062749862,0
uci144-row-0501,5,1,0.6339704394340515,1,0.5489391684532166,1
uci144-row-0502,3,0,0.5887675881385803,1,0.4524390995502472,0
uci144-row-0503,3,0,0.180550679564476,0,0.0989214405417442,0
uci144-row-0504,3,1,0.4567124843597412,0,0.6874414086341858,1
uci144-row-0505,2,1,0.8364368081092834,1,0.8574031591415405,1
uci144-row-0506,3,1,0.08658356219530106,0,0.0132191143929958,0
uci144-row-0508,2,1,0.39782002568244934,0,0.4357756078243255,0
uci144-row-0509,4,0,0.16195885837078094,0,0.1372170597314834,0
uci144-row-0510,3,0,0.19873599708080292,0,0.194058209657669,0
uci144-row-0512,2,0,0.12348087131977081,0,0.1014101132750511,0
uci144-row-0513,3,0,0.3041306138038635,0,0.1448769271373748,0
uci144-row-0514,5,0,0.33820971846580505,0,0.3917005062103271,0
uci144-row-0516,1,0,0.21779535710811615,0,0.1424293518066406,0
uci144-row-0517,4,0,0.11919831484556198,0,0.0915810912847518,0
uci144-row-0518,4,1,0.2751691937446594,0,0.2259319126605987,0
uci144-row-0519,2,0,0.4243759214878082,0,0.3203662037849426,0
uci144-row-0520,5,0,0.034441765397787094,0,0.0132629182189702,0
uci144-row-0521,2,0,0.15713420510292053,0,0.1684455275535583,0
uci144-row-0522,1,1,0.241580992937088,0,0.2971335053443908,0
uci144-row-0526,5,0,0.6099006533622742,1,0.5986871719360352,1
uci144-row-0527,2,0,0.12478777766227722,0,0.2914026081562042,0
uci144-row-0528,4,0,0.018797755241394043,0,0.0050042881630361,0
uci144-row-0530,4,0,0.21551859378814697,0,0.1092532500624656,0
uci144-row-0531,2,0,0.7221730351448059,1,0.7922583222389221,1
uci144-row-0532,4,1,0.2686261534690857,0,0.2812222838401794,0
uci144-row-0534,4,0,0.061752885580062866,0,0.0309016332030296,0
uci144-row-0536,5,1,0.2686628997325897,0,0.3077115714550018,0
uci144-row-0537,1,0,0.33475491404533386,0,0.4090028405189514,0
uci144-row-0539,2,1,0.8886256814002991,1,0.8548628091812134,1
uci144-row-0540,2,0,0.33267879486083984,0,0.3187028765678406,0
uci144-row-0541,1,1,0.1146051362156868,0,0.1164015606045723,0
uci144-row-0544,1,1,0.21568401157855988,0,0.1381730139255523,0
uci144-row-0546,4,1,0.8198970556259155,1,0.899989128112793,1
uci144-row-0547,3,0,0.1053507924079895,0,0.0605937056243419,0
uci144-row-0548,5,0,0.19794146716594696,0,0.1385902315378189,0
uci144-row-0550,1,0,0.0991477519273758,0,0.0691611394286155,0
uci144-row-0551,5,0,0.032112717628479004,0,0.0132266227155923,0
uci144-row-0553,2,1,0.5236847996711731,1,0.3992424607276916,0
uci144-row-0554,3,0,0.2715494632720947,0,0.2212883085012436,0
uci144-row-0555,4,0,0.23968251049518585,0,0.2814521491527557,0
uci144-row-0556,3,1,0.33023813366889954,0,0.2254205197095871,0
uci144-row-0557,5,1,0.4266236126422882,0,0.596392035484314,1
uci144-row-0558,1,1,0.3957677185535431,0,0.3407263159751892,0
uci144-row-0559,1,1,0.32712656259536743,0,0.3622299432754516,0
uci144-row-0560,1,1,0.44237029552459717,0,0.3938921391963959,0
uci144-row-0561,2,0,0.19742996990680695,0,0.2072257548570633,0
uci144-row-0562,2,1,0.4974689483642578,0,0.4180130064487457,0
uci144-row-0565,2,0,0.3330194056034088,0,0.249122604727745,0
uci144-row-0566,2,0,0.4173360764980316,0,0.3332150876522064,0
uci144-row-0567,3,1,0.38189035654067993,0,0.3703498244285583,0
uci144-row-0568,3,0,0.04397532716393471,0,0.0079392520710825,0
uci144-row-0569,3,0,0.2414553463459015,0,0.1274096965789795,0
uci144-row-0570,1,1,0.6342933177947998,1,0.7303777933120728,1
uci144-row-0573,4,0,0.05719636380672455,0,0.0235508773475885,0
uci144-row-0574,4,0,0.6735342741012573,1,0.7933648824691772,1
uci144-row-0575,5,0,0.3205980360507965,0,0.2683916091918945,0
uci144-row-0576,4,0,0.06105503439903259,0,0.0590115487575531,0
uci144-row-0577,5,0,0.08961983025074005,0,0.0612904280424118,0
uci144-row-0578,5,0,0.04315143823623657,0,0.0662543401122093,0
uci144-row-0579,3,1,0.4293166995048523,0,0.4223860502243042,0
uci144-row-0581,2,1,0.5861044526100159,1,0.5805562138557434,1
uci144-row-0582,2,0,0.3911002278327942,0,0.3465428352355957,0
uci144-row-0583,5,0,0.1558353751897812,0,0.1288810074329376,0
uci144-row-0584,1,1,0.8649954199790955,1,0.8607050776481628,1
uci144-row-0585,2,0,0.07446355372667313,0,0.083002857863903,0
uci144-row-0586,5,1,0.6372305750846863,1,0.7205747961997986,1
uci144-row-0587,5,0,0.14683270454406738,0,0.1502882540225982,0
uci144-row-0589,1,1,0.540121853351593,1,0.5233396291732788,1
uci144-row-0590,4,1,0.07094337791204453,0,0.0375522673130035,0
uci144-row-0591,2,0,0.10418326407670975,0,0.1168269962072372,0
uci144-row-0592,2,0,0.5116279721260071,1,0.4875397384166717,0
uci144-row-0593,5,0,0.23878949880599976,0,0.1292834430932998,0
uci144-row-0594,3,1,0.4763057231903076,0,0.3269800841808319,0
uci144-row-0596,5,1,0.2804962694644928,0,0.2917883694171905,0
uci144-row-0597,2,1,0.8288285136222839,1,0.6555793881416321,1
uci144-row-0598,5,1,0.4291391670703888,0,0.4458571076393127,0
uci144-row-0600,4,0,0.3378903865814209,0,0.2562117278575897,0
uci144-row-0601,4,0,0.1313505917787552,0,0.0805871710181236,0
uci144-row-0602,2,1,0.3685901165008545,0,0.396159827709198,0
uci144-row-0603,3,1,0.7004398107528687,1,0.8858001232147217,1
uci144-row-0604,1,1,0.10747456550598145,0,0.121577002108097,0
uci144-row-0605,5,0,0.5808545351028442,1,0.6413167715072632,1
uci144-row-0606,5,0,0.28179505467414856,0,0.3483575284481048,0
uci144-row-0607,4,0,0.1577126383781433,0,0.2217787206172943,0
uci144-row-0608,5,1,0.256466269493103,0,0.2649858593940735,0
uci144-row-0610,4,0,0.20663689076900482,0,0.1569619923830032,0
uci144-row-0611,3,1,0.4997071623802185,0,0.824128270149231,1
uci144-row-0612,2,1,0.4870074689388275,0,0.3431059122085571,0
uci144-row-0613,3,0,0.4849516451358795,0,0.5406094789505005,1
uci144-row-0614,4,0,0.6120373010635376,1,0.3404024243354797,0
uci144-row-0615,4,1,0.12850473821163177,0,0.0885100066661834,0
uci144-row-0616,4,0,0.5798658728599548,1,0.7581977844238281,1
uci144-row-0617,4,0,0.5587651133537292,1,0.451641321182251,0
uci144-row-0618,2,0,0.04477657005190849,0,0.0430659241974353,0
uci144-row-0619,2,1,0.17563986778259277,0,0.2361445724964141,0
uci144-row-0620,2,0,0.08143097162246704,0,0.0734627321362495,0
uci144-row-0622,4,1,0.2619412839412689,0,0.3322029113769531,0
uci144-row-0623,5,1,0.18424522876739502,0,0.1665396690368652,0
uci144-row-0624,5,0,0.7231377959251404,1,0.8002623915672302,1
uci144-row-0625,3,1,0.6269242763519287,1,0.6924383640289307,1
uci144-row-0626,4,0,0.04494547098875046,0,0.042407214641571,0
uci144-row-0627,4,0,0.060721490532159805,0,0.0293766818940639,0
uci144-row-0628,5,1,0.1964457631111145,0,0.2660322189331054,0
uci144-row-0629,3,0,0.10897433757781982,0,0.0719709768891334,0
uci144-row-0630,2,0,0.058712828904390335,0,0.074511781334877,0
uci144-row-0631,4,0,0.5631389617919922,1,0.555075466632843,1
uci144-row-0632,4,1,0.7228838205337524,1,0.6598609685897827,1
uci144-row-0633,3,0,0.34159281849861145,0,0.2410321682691574,0
uci144-row-0634,2,1,0.1398644596338272,0,0.1253293603658676,0
uci144-row-0635,2,1,0.7744069695472717,1,0.7713575959205627,1
uci144-row-0636,3,0,0.2717840373516083,0,0.3827237486839294,0
uci144-row-0637,4,0,0.05710018426179886,0,0.0221207048743963,0
uci144-row-0638,2,0,0.43470877408981323,0,0.4994924366474151,0
uci144-row-0639,3,0,0.15079902112483978,0,0.1457492858171463,0
uci144-row-0640,3,1,0.5394470691680908,1,0.6675240397453308,1
uci144-row-0641,5,1,0.6089189648628235,1,0.8305607438087463,1
uci144-row-0642,2,0,0.6518710255622864,1,0.7618191838264465,1
uci144-row-0643,4,1,0.09414327889680862,0,0.1446026265621185,0
uci144-row-0644,2,0,0.0529836006462574,0,0.0388950891792774,0
uci144-row-0645,4,0,0.16189056634902954,0,0.0851581692695617,0
uci144-row-0646,2,1,0.47748416662216187,0,0.3862115740776062,0
uci144-row-0647,3,0,0.5520451664924622,1,0.6657372713088989,1
uci144-row-0649,1,1,0.7965430021286011,1,0.9398605823516846,1
uci144-row-0650,3,1,0.6604215502738953,1,0.9442192316055298,1
uci144-row-0651,3,0,0.7982937693595886,1,0.9312082529067992,1
uci144-row-0652,1,1,0.22675453126430511,0,0.1978946775197982,0
uci144-row-0653,2,1,0.6168454885482788,1,0.5837289094924927,1
uci144-row-0655,2,0,0.014716606587171555,0,0.0118810664862394,0
uci144-row-0656,2,0,0.4635624885559082,0,0.4983262717723846,0
uci144-row-0657,4,1,0.7382854223251343,1,0.8823234438896179,1
uci144-row-0660,4,0,0.3396434485912323,0,0.3172387480735779,0
uci144-row-0661,3,0,0.2804313600063324,0,0.267571359872818,0
uci144-row-0662,5,1,0.4694555401802063,0,0.6703614592552185,1
uci144-row-0667,5,0,0.32063621282577515,0,0.2820478081703186,0
uci144-row-0668,4,0,0.26851391792297363,0,0.1641785800457,0
uci144-row-0670,4,0,0.16667760908603668,0,0.1022638604044914,0
uci144-row-0671,2,0,0.07104529440402985,0,0.0636900961399078,0
uci144-row-0673,5,0,0.26436910033226013,0,0.2360209077596664,0
uci144-row-0674,3,0,0.03439609333872795,0,0.0063688587397336,0
uci144-row-0675,2,1,0.24567942321300507,0,0.2447101771831512,0
uci144-row-0676,5,0,0.16158448159694672,0,0.1028440371155738,0
uci144-row-0677,5,0,0.15227395296096802,0,0.1563983261585235,0
uci144-row-0680,1,0,0.15684720873832703,0,0.1959986537694931,0
uci144-row-0681,4,0,0.14715051651000977,0,0.2429999262094497,0
uci144-row-0685,5,0,0.3100505471229553,0,0.3490796983242035,0
uci144-row-0686,2,0,0.36441484093666077,0,0.3277758061885834,0
uci144-row-0687,4,0,0.05761678144335747,0,0.0384807363152504,0
uci144-row-0688,1,0,0.7892448306083679,1,0.8198775053024292,1
uci144-row-0689,2,0,0.012524724006652832,0,0.0177597403526306,0
uci144-row-0690,1,0,0.1469048410654068,0,0.121105670928955,0
uci144-row-0691,3,0,0.3571847379207611,0,0.4390258491039276,0
uci144-row-0693,1,0,0.39619049429893494,0,0.4355094134807586,0
uci144-row-0694,3,0,0.10524456202983856,0,0.0347015783190727,0
uci144-row-0695,2,0,0.04897133633494377,0,0.0874870717525482,0
uci144-row-0696,5,0,0.06817324459552765,0,0.0257275570183992,0
uci144-row-0698,2,0,0.11402769386768341,0,0.0879232734441757,0
uci144-row-0701,5,1,0.1761106699705124,0,0.1667201370000839,0
uci144-row-0702,3,1,0.45102089643478394,0,0.4716902375221252,0
uci144-row-0703,1,0,0.4251033067703247,0,0.4672048091888428,0
uci144-row-0704,1,0,0.7140946388244629,1,0.66607266664505,1
uci144-row-0705,1,0,0.680211067199707,1,0.5730909109115601,1
uci144-row-0706,2,0,0.16674605011940002,0,0.1438183635473251,0
uci144-row-0707,5,1,0.33566683530807495,0,0.2558602094650268,0
uci144-row-0708,4,1,0.4296245872974396,0,0.4616101086139679,0
uci144-row-0709,2,0,0.07159879058599472,0,0.1054660752415657,0
uci144-row-0711,5,0,0.11056140810251236,0,0.0783906653523445,0
uci144-row-0712,4,1,0.46697747707366943,0,0.5690662860870361,1
uci144-row-0713,4,0,0.03641615808010101,0,0.0182312317192554,0
uci144-row-0714,2,0,0.030224168673157692,0,0.0465417727828025,0
uci144-row-0715,1,1,0.7807943820953369,1,0.7284951210021973,1
uci144-row-0717,5,0,0.03152460604906082,0,0.0126151982694864,0
uci144-row-0719,1,0,0.08440353721380234,0,0.1145048141479492,0
uci144-row-0720,1,0,0.2863979935646057,0,0.4087847769260406,0
uci144-row-0721,1,1,0.14015349745750427,0,0.3091297149658203,0
uci144-row-0722,4,1,0.4893918037414551,0,0.4541381895542145,0
uci144-row-0723,1,1,0.29224106669425964,0,0.2793525457382202,0
uci144-row-0724,3,0,0.2776910364627838,0,0.3616963028907776,0
uci144-row-0727,4,0,0.05304407328367233,0,0.0328468456864357,0
uci144-row-0728,3,1,0.6532785892486572,1,0.8762617707252502,1
uci144-row-0729,4,1,0.7913667559623718,1,0.8503169417381287,1
uci144-row-0731,4,0,0.661906898021698,1,0.7260779142379761,1
uci144-row-0732,4,1,0.6699201464653015,1,0.8171214461326599,1
uci144-row-0733,5,0,0.09571975469589233,0,0.0271334871649742,0
uci144-row-0734,2,0,0.023176269605755806,0,0.0143741723150014,0
uci144-row-0735,5,0,0.021892985329031944,0,0.0035537227522581,0
uci144-row-0736,1,0,0.6526799201965332,1,0.8241920471191406,1
uci144-row-0737,5,1,0.4496520459651947,0,0.5257766842842102,1
uci144-row-0738,5,0,0.4367193877696991,0,0.4745208323001861,0
uci144-row-0739,5,0,0.07395259290933609,0,0.0181914921849966,0
uci144-row-0741,2,0,0.5939268469810486,1,0.6831815838813782,1
uci144-row-0742,4,0,0.20741811394691467,0,0.3427987098693847,0
uci144-row-0744,3,0,0.3974984884262085,0,0.3235836327075958,0
uci144-row-0745,4,0,0.33763930201530457,0,0.577290415763855,1
uci144-row-0746,4,0,0.1995934545993805,0,0.1371785551309585,0
uci144-row-0748,4,1,0.4593922793865204,0,0.5767307877540588,1
uci144-row-0749,3,0,0.07979579269886017,0,0.0326098352670669,0
uci144-row-0750,5,0,0.05043970048427582,0,0.0243844967335462,0
uci144-row-0751,1,0,0.3082698881626129,0,0.1131196543574333,0
uci144-row-0753,3,0,0.41201579570770264,0,0.5292739272117615,1
uci144-row-0754,5,0,0.1386185586452484,0,0.0775732547044754,0
uci144-row-0755,1,1,0.1252441704273224,0,0.062469407916069,0
uci144-row-0756,4,1,0.625857949256897,1,0.7346032857894897,1
uci144-row-0757,1,0,0.043996162712574005,0,0.0272133145481348,0
uci144-row-0758,2,1,0.06642891466617584,0,0.0608063861727714,0
uci144-row-0759,3,0,0.12350884079933167,0,0.0455356612801551,0
uci144-row-0760,5,1,0.26418185234069824,0,0.2951415777206421,0
uci144-row-0761,5,0,0.056078940629959106,0,0.0304580107331275,0
uci144-row-0763,2,0,0.39763230085372925,0,0.4283837974071502,0
uci144-row-0764,5,1,0.09352833777666092,0,0.0335741601884365,0
uci144-row-0765,5,0,0.033217597752809525,0,0.013752968981862,0
uci144-row-0766,2,0,0.24035882949829102,0,0.1889758110046386,0
uci144-row-0767,4,1,0.5649622678756714,1,0.5801172256469727,1
uci144-row-0768,1,0,0.08534009009599686,0,0.0517317168414592,0
uci144-row-0769,3,0,0.22781480848789215,0,0.1519414186477661,0
uci144-row-0770,2,0,0.01264877151697874,0,0.0191286839544773,0
uci144-row-0771,1,0,0.2812388241291046,0,0.2205795645713806,0
uci144-row-0772,2,1,0.7170407176017761,1,0.6962565183639526,1
uci144-row-0774,4,0,0.11511102318763733,0,0.1457114815711975,0
uci144-row-0775,1,0,0.33783119916915894,0,0.290056973695755,0
uci144-row-0776,4,1,0.5482214093208313,1,0.640916645526886,1
uci144-row-0777,1,0,0.04373422637581825,0,0.0356444418430328,0
uci144-row-0778,4,0,0.37355077266693115,0,0.1804836392402649,0
uci144-row-0779,3,0,0.09518272429704666,0,0.0333122238516807,0
uci144-row-0781,3,1,0.26163315773010254,0,0.1556405276060104,0
uci144-row-0782,3,0,0.0647684782743454,0,0.0182858575135469,0
uci144-row-0783,2,0,0.17651988565921783,0,0.4046141505241394,0
uci144-row-0784,3,1,0.6140744090080261,1,0.9066970348358154,1
uci144-row-0785,2,0,0.05234721302986145,0,0.0429595410823822,0
uci144-row-0786,1,0,0.28103864192962646,0,0.1707708984613418,0
uci144-row-0787,5,0,0.028092026710510254,0,0.0202059969305992,0
uci144-row-0788,3,0,0.048577580600976944,0,0.0116187036037445,0
uci144-row-0790,3,1,0.689385712146759,1,0.6945436596870422,1
uci144-row-0791,4,1,0.4791639745235443,0,0.5389344096183777,1
uci144-row-0793,3,0,0.044435448944568634,0,0.0114484019577503,0
uci144-row-0796,4,0,0.1795203685760498,0,0.2021593749523162,0
uci144-row-0798,3,0,0.1870819479227066,0,0.1491780281066894,0
uci144-row-0799,4,0,0.17904163897037506,0,0.2442098408937454,0
uci144-row-0806,4,1,0.7173767685890198,1,0.7714225053787231,1
uci144-row-0808,2,0,0.017620708793401718,0,0.0232692826539278,0
uci144-row-0809,4,0,0.7762810587882996,1,0.8313584327697754,1
uci144-row-0810,1,1,0.2815617024898529,0,0.3170154392719269,0
uci144-row-0811,5,0,0.1905667632818222,0,0.1285810023546219,0
uci144-row-0812,2,0,0.04402171075344086,0,0.0198766998946666,0
uci144-row-0813,4,1,0.4385969042778015,0,0.5211908221244812,1
uci144-row-0814,3,1,0.5104755759239197,1,0.6153579950332642,1
uci144-row-0815,1,1,0.731862485408783,1,0.7210060358047485,1
uci144-row-0816,1,0,0.6431739926338196,1,0.6643313765525818,1
uci144-row-0817,2,0,0.024802012369036674,0,0.0286823846399784,0
uci144-row-0820,2,1,0.7409833669662476,1,0.7683534622192383,1
uci144-row-0821,2,0,0.04417029395699501,0,0.0785285085439682,0
uci144-row-0822,5,0,0.10726706683635712,0,0.0950139090418815,0
uci144-row-0823,5,1,0.6369390487670898,1,0.6831403970718384,1
uci144-row-0824,1,0,0.08159288763999939,0,0.0392358787357807,0
uci144-row-0825,3,0,0.13867411017417908,0,0.1438123136758804,0
uci144-row-0826,4,0,0.34122970700263977,0,0.3367747366428375,0
uci144-row-0827,4,1,0.43031397461891174,0,0.4596907496452331,0
uci144-row-0828,2,1,0.26518577337265015,0,0.3969970047473907,0
uci144-row-0829,3,1,0.4393429160118103,0,0.3656655251979828,0
uci144-row-0830,1,0,0.33699607849121094,0,0.2886492609977722,0
uci144-row-0831,3,0,0.1068975031375885,0,0.0480164512991905,0
uci144-row-0834,1,0,0.21583247184753418,0,0.2203692197799682,0
uci144-row-0835,4,1,0.17732937633991241,0,0.0840866714715957,0
uci144-row-0836,1,1,0.4664916694164276,0,0.6714116334915161,1
uci144-row-0837,2,0,0.19766780734062195,0,0.159186378121376,0
uci144-row-0838,1,0,0.14118362963199615,0,0.096704252064228,0
uci144-row-0839,4,0,0.17947818338871002,0,0.0920267403125763,0
uci144-row-0840,2,0,0.039987146854400635,0,0.0397146753966808,0
uci144-row-0842,5,0,0.2689242959022522,0,0.1374377161264419,0
uci144-row-0843,5,1,0.251427561044693,0,0.1580631285905838,0
uci144-row-0844,2,0,0.2710040509700775,0,0.3177668750286102,0
uci144-row-0847,5,1,0.10644280165433884,0,0.12775319814682,0
uci144-row-0848,4,0,0.45892342925071716,0,0.4455646276473999,0
uci144-row-0850,2,1,0.17980095744132996,0,0.2295311987400055,0
uci144-row-0851,3,1,0.533698320388794,1,0.7683506011962891,1
uci144-row-0852,3,0,0.04482269287109375,0,0.0057508489117026,0
uci144-row-0853,1,0,0.035914987325668335,0,0.0233525410294532,0
uci144-row-0856,5,0,0.1170152798295021,0,0.0703793466091156,0
uci144-row-0858,4,0,0.06906870752573013,0,0.0479677729308605,0
uci144-row-0860,3,0,0.08384314924478531,0,0.0331860817968845,0
uci144-row-0862,3,1,0.15771804749965668,0,0.0982197895646095,0
uci144-row-0863,3,1,0.5608704090118408,1,0.5410336852073669,1
uci144-row-0864,2,0,0.20095393061637878,0,0.1695220023393631,0
uci144-row-0865,2,1,0.13792334496974945,0,0.1202644109725952,0
uci144-row-0866,2,0,0.0700235664844513,0,0.0829699635505676,0
uci144-row-0867,3,0,0.5940313339233398,1,0.5029218196868896,1
uci144-row-0868,5,0,0.06712353974580765,0,0.0510590299963951,0
uci144-row-0869,3,0,0.16820283234119415,0,0.1527417749166488,0
uci144-row-0870,5,0,0.717844545841217,1,0.7852984666824341,1
uci144-row-0871,5,0,0.12072492390871048,0,0.1307257115840912,0
uci144-row-0872,5,0,0.07449667155742645,0,0.0407416112720966,0
uci144-row-0873,5,0,0.15486475825309753,0,0.1159172430634498,0
uci144-row-0874,3,0,0.22589156031608582,0,0.2385139167308807,0
uci144-row-0875,4,0,0.19537968933582306,0,0.2401159703731537,0
uci144-row-0877,3,0,0.7305570244789124,1,0.9264974594116212,1
uci144-row-0879,2,1,0.17107725143432617,0,0.1493676602840423,0
uci144-row-0880,5,0,0.03782866895198822,0,0.0139580210670828,0
uci144-row-0881,4,0,0.0647585466504097,0,0.0095544522628188,0
uci144-row-0882,2,0,0.22071167826652527,0,0.1263366639614105,0
uci144-row-0883,2,0,0.21979227662086487,0,0.1897346079349517,0
uci144-row-0884,1,0,0.055665940046310425,0,0.082430362701416,0
uci144-row-0885,3,1,0.3460155129432678,0,0.195158302783966,0
uci144-row-0886,5,1,0.7399868369102478,1,0.8106135725975037,1
uci144-row-0887,2,0,0.08232522755861282,0,0.0654893368482589,0
uci144-row-0889,4,0,0.18634189665317535,0,0.1978273242712021,0
uci144-row-0890,2,0,0.6201013326644897,1,0.4826030433177948,0
uci144-row-0892,5,0,0.027405597269535065,0,0.0191906262189149,0
uci144-row-0893,3,0,0.3178332448005676,0,0.2795496582984924,0
uci144-row-0894,3,0,0.30138179659843445,0,0.2159755080938339,0
uci144-row-0895,1,0,0.03369242697954178,0,0.029817409813404,0
uci144-row-0896,1,0,0.24969851970672607,0,0.0760081708431243,0
uci144-row-0897,4,0,0.6782382130622864,1,0.7569170594215393,1
uci144-row-0898,1,0,0.051078423857688904,0,0.0174751300364732,0
uci144-row-0899,5,0,0.20284026861190796,0,0.1500228345394134,0
uci144-row-0900,1,1,0.4429052174091339,0,0.5677957534790039,1
uci144-row-0901,5,1,0.19414828717708588,0,0.1825058758258819,0
uci144-row-0902,4,0,0.07643842697143555,0,0.035169567912817,0
uci144-row-0903,1,0,0.3014809191226959,0,0.3393283188343048,0
uci144-row-0904,4,0,0.053966961801052094,0,0.0373529121279716,0
uci144-row-0905,1,0,0.07004978507757187,0,0.0569738373160362,0
uci144-row-0906,2,0,0.22678202390670776,0,0.3449488282203674,0
uci144-row-0907,1,0,0.20428983867168427,0,0.1027489155530929,0
uci144-row-0908,4,0,0.22681987285614014,0,0.2433379888534546,0
uci144-row-0909,3,0,0.09848593175411224,0,0.0494756773114204,0
uci144-row-0910,5,0,0.05941944941878319,0,0.0258933026343584,0
uci144-row-0911,4,0,0.26885882019996643,0,0.4055365920066833,0
uci144-row-0912,1,1,0.5304823517799377,1,0.5878645181655884,1
uci144-row-0913,5,0,0.05831534415483475,0,0.0323983803391456,0
uci144-row-0914,4,0,0.04351014643907547,0,0.0362032391130924,0
uci144-row-0915,2,1,0.6748989820480347,1,0.6023489832878113,1
uci144-row-0917,1,0,0.037292659282684326,0,0.0357726998627185,0
uci144-row-0919,4,1,0.30746015906333923,0,0.2954538464546203,0
uci144-row-0920,4,1,0.6337491273880005,1,0.7505109310150146,1
uci144-row-0921,4,0,0.13564130663871765,0,0.1599299907684326,0
uci144-row-0923,3,1,0.39557337760925293,0,0.3445092439651489,0
uci144-row-0924,4,0,0.24684204161167145,0,0.1567526310682296,0
uci144-row-0925,3,1,0.6613634824752808,1,0.6838282942771912,1
uci144-row-0926,4,1,0.698139488697052,1,0.8443693518638611,1
uci144-row-0927,3,0,0.5979672074317932,1,0.6940239667892456,1
uci144-row-0928,1,1,0.5279200673103333,1,0.7362292408943176,1
uci144-row-0929,1,0,0.05906687676906586,0,0.045518908649683,0
uci144-row-0930,3,0,0.46078917384147644,0,0.5877761244773865,1
uci144-row-0931,4,0,0.7370230555534363,1,0.8019029498100281,1
uci144-row-0933,3,0,0.0720384418964386,0,0.0340599417686462,0
uci144-row-0935,2,0,0.4257151186466217,0,0.4668492972850799,0
uci144-row-0936,4,1,0.5541126132011414,1,0.6819837689399719,1
uci144-row-0938,5,0,0.3800239562988281,0,0.2545438706874847,0
uci144-row-0940,5,0,0.0448119156062603,0,0.0132704842835664,0
uci144-row-0941,5,0,0.0860539898276329,0,0.0359639935195446,0
uci144-row-0943,5,0,0.12635499238967896,0,0.111626423895359,0
uci144-row-0944,3,0,0.03468834608793259,0,0.0129580004140734,0
uci144-row-0946,2,0,0.6489935517311096,1,0.6875085830688477,1
uci144-row-0947,3,1,0.6360817551612854,1,0.7211096286773682,1
uci144-row-0949,2,1,0.1322595477104187,0,0.1049074009060859,0
uci144-row-0950,5,1,0.029284002259373665,0,0.0124654453247785,0
uci144-row-0951,5,0,0.20782993733882904,0,0.1440736204385757,0
uci144-row-0952,3,1,0.5215572118759155,1,0.6196618676185608,1
uci144-row-0953,2,1,0.2732771337032318,0,0.3122790455818176,0
uci144-row-0955,5,0,0.32862743735313416,0,0.3428511023521423,0
uci144-row-0956,1,0,0.30564647912979126,0,0.1798957735300064,0
uci144-row-0957,5,0,0.09506132453680038,0,0.0304814856499433,0
uci144-row-0958,3,0,0.1333230435848236,0,0.0737694278359413,0
uci144-row-0959,2,1,0.5451704859733582,1,0.595592200756073,1
uci144-row-0960,1,0,0.7255093455314636,1,0.6489578485488892,1
uci144-row-0961,3,0,0.037179987877607346,0,0.0109391175210475,0
uci144-row-0962,5,0,0.4670242965221405,0,0.5383099913597107,1
uci144-row-0963,2,0,0.050433702766895294,0,0.0695893540978431,0
uci144-row-0964,3,1,0.15297207236289978,0,0.0819040313363075,0
uci144-row-0965,3,0,0.2709815800189972,0,0.0784062221646308,0
uci144-row-0966,2,0,0.2074505239725113,0,0.2321611493825912,0
uci144-row-0968,4,0,0.18040060997009277,0,0.1796559691429138,0
uci144-row-0969,4,0,0.12366417795419693,0,0.0412319488823413,0
uci144-row-0970,5,0,0.1260717809200287,0,0.0597763732075691,0
uci144-row-0971,4,0,0.17201738059520721,0,0.1013366281986236,0
uci144-row-0972,3,0,0.264255166053772,0,0.206653356552124,0
uci144-row-0973,1,1,0.8484984636306763,1,0.8598349094390869,1
uci144-row-0974,1,1,0.7996057271957397,1,0.864138126373291,1
uci144-row-0976,2,0,0.5562325716018677,1,0.6207926273345947,1
uci144-row-0977,1,0,0.07448755204677582,0,0.049698956310749,0
uci144-row-0979,3,1,0.1784360408782959,0,0.1404670029878616,0
uci144-row-0980,3,1,0.4672751724720001,0,0.6658268570899963,1
uci144-row-0981,5,1,0.45214298367500305,0,0.4567780792713165,0
uci144-row-0982,1,1,0.46912091970443726,0,0.6193291544914246,1
uci144-row-0983,4,0,0.27377185225486755,0,0.1243434622883796,0
uci144-row-0984,1,1,0.401961088180542,0,0.4788898527622223,0
uci144-row-0985,1,0,0.1111922562122345,0,0.0547105371952056,0
uci144-row-0986,5,0,0.26048609614372253,0,0.2247985303401947,0
uci144-row-0987,3,0,0.5860896110534668,1,0.5785006880760193,1
uci144-row-0988,2,0,0.021676577627658844,0,0.044446263462305,0
uci144-row-0989,5,0,0.7589370608329773,1,0.6476139426231384,1
uci144-row-0990,2,0,0.3914090394973755,0,0.4012972116470337,0
uci144-row-0991,1,0,0.13269464671611786,0,0.0698202550411224,0
uci144-row-0992,1,0,0.2954093813896179,0,0.2992658913135528,0
uci144-row-0995,1,0,0.08202742040157318,0,0.0573338419198989,0
uci144-row-0996,3,0,0.08524030447006226,0,0.029331250116229,0
uci144-row-0998,4,0,0.11486276984214783,0,0.1587885916233062,0
uci144-row-1000,1,0,0.4193200469017029,0,0.4330774545669555,0
