source_row_id,fold
uci144-row-0001,5
uci144-row-0004,4
uci144-row-0005,3
uci144-row-0006,2
uci144-row-0008,1
uci144-row-0009,3
uci144-row-0010,1
uci144-row-0011,3
uci144-row-0013,2
uci144-row-0015,3
uci144-row-0016,5
uci144-row-0017,3
uci144-row-0018,1
uci144-row-0019,3
uci144-row-0020,5
uci144-row-0021,4
uci144-row-0024,5
uci144-row-0025,2
uci144-row-0026,1
uci144-row-0027,3
uci144-row-0028,2
uci144-row-0030,4
uci144-row-0032,5
uci144-row-0033,2
uci144-row-0034,2
uci144-row-0035,2
uci144-row-0036,3
uci144-row-0037,4
uci144-row-0038,2
uci144-row-0040,1
uci144-row-0041,5
uci144-row-0042,5
uci144-row-0043,3
uci144-row-0045,4
uci144-row-0046,4
uci144-row-0049,1
uci144-row-0050,3
uci144-row-0051,1
uci144-row-0052,4
uci144-row-0054,5
uci144-row-0055,2
uci144-row-0056,1
uci144-row-0057,2
uci144-row-0058,1
uci144-row-0059,2
uci144-row-0060,4
uci144-row-0061,4
uci144-row-0062,3
uci144-row-0063,4
uci144-row-0064,2
uci144-row-0066,5
uci144-row-0067,4
uci144-row-0068,1
uci144-row-0069,5
uci144-row-0070,5
uci144-row-0072,5
uci144-row-0073,1
uci144-row-0074,2
uci144-row-0075,5
uci144-row-0076,2
uci144-row-0077,3
uci144-row-0078,4
uci144-row-0080,5
uci144-row-0081,5
uci144-row-0082,3
uci144-row-0083,1
uci144-row-0085,1
uci144-row-0087,1
uci144-row-0088,1
uci144-row-0089,1
uci144-row-0091,1
uci144-row-0092,5
uci144-row-0093,5
uci144-row-0094,3
uci144-row-0095,2
uci144-row-0096,3
uci144-row-0098,2
uci144-row-0099,5
uci144-row-0100,1
uci144-row-0101,4
uci144-row-0102,5
uci144-row-0103,5
uci144-row-0104,5
uci144-row-0105,3
uci144-row-0106,5
uci144-row-0107,4
uci144-row-0109,3
uci144-row-0110,5
uci144-row-0111,3
uci144-row-0112,3
uci144-row-0114,4
uci144-row-0115,1
uci144-row-0117,1
uci144-row-0118,4
uci144-row-0119,2
uci144-row-0120,1
uci144-row-0121,2
uci144-row-0122,2
uci144-row-0124,2
uci144-row-0125,4
uci144-row-0126,2
uci144-row-0127,3
uci144-row-0128,4
uci144-row-0131,4
uci144-row-0132,3
uci144-row-0133,5
uci144-row-0136,1
uci144-row-0137,1
uci144-row-0138,5
uci144-row-0140,2
uci144-row-0141,5
uci144-row-0144,1
uci144-row-0145,3
uci144-row-0146,3
uci144-row-0147,2
uci144-row-0148,1
uci144-row-0149,5
uci144-row-0150,2
uci144-row-0151,3
uci144-row-0152,5
uci144-row-0153,1
uci144-row-0154,4
uci144-row-0155,2
uci144-row-0156,1
uci144-row-0157,2
uci144-row-0158,2
uci144-row-0159,1
uci144-row-0161,3
uci144-row-0162,1
uci144-row-0163,5
uci144-row-0164,3
uci144-row-0165,4
uci144-row-0166,1
uci144-row-0169,5
uci144-row-0170,5
uci144-row-0171,1
uci144-row-0173,3
uci144-row-0174,1
uci144-row-0175,2
uci144-row-0176,4
uci144-row-0177,2
uci144-row-0178,4
uci144-row-0180,1
uci144-row-0181,5
uci144-row-0182,5
uci144-row-0184,3
uci144-row-0185,5
uci144-row-0186,2
uci144-row-0187,4
uci144-row-0189,4
uci144-row-0190,1
uci144-row-0192,2
uci144-row-0194,3
uci144-row-0196,4
uci144-row-0197,4
uci144-row-0198,1
uci144-row-0199,1
uci144-row-0201,4
uci144-row-0202,5
uci144-row-0203,5
uci144-row-0204,5
uci144-row-0205,1
uci144-row-0206,1
uci144-row-0207,3
uci144-row-0208,1
uci144-row-0209,4
uci144-row-0210,3
uci144-row-0211,3
uci144-row-0212,3
uci144-row-0213,3
uci144-row-0214,1
uci144-row-0215,1
uci144-row-0216,2
uci144-row-0218,2
uci144-row-0219,4
uci144-row-0223,1
uci144-row-0224,3
uci144-row-0225,3
uci144-row-0226,5
uci144-row-0227,5
uci144-row-0228,4
uci144-row-0231,3
uci144-row-0232,3
uci144-row-0233,3
uci144-row-0234,2
uci144-row-0238,2
uci144-row-0239,4
uci144-row-0240,1
uci144-row-0241,5
uci144-row-0242,4
uci144-row-0243,3
uci144-row-0244,1
uci144-row-0245,1
uci144-row-0246,2
uci144-row-0247,5
uci144-row-0248,2
uci144-row-0249,5
uci144-row-0250,2
uci144-row-0251,4
uci144-row-0252,5
uci144-row-0253,1
uci144-row-0254,2
uci144-row-0255,4
uci144-row-0256,2
uci144-row-0257,5
uci144-row-0259,2
uci144-row-0261,4
uci144-row-0263,1
uci144-row-0265,5
uci144-row-0266,1
uci144-row-0267,5
uci144-row-0268,3
uci144-row-0269,3
uci144-row-0270,3
uci144-row-0271,2
uci144-row-0272,2
uci144-row-0273,4
uci144-row-0275,2
uci144-row-0276,4
uci144-row-0279,3
uci144-row-0280,3
uci144-row-0281,4
uci144-row-0282,3
uci144-row-0285,4
uci144-row-0286,4
uci144-row-0287,5
uci144-row-0288,4
uci144-row-0289,2
uci144-row-0291,2
uci144-row-0292,1
uci144-row-0293,4
uci144-row-0295,3
uci144-row-0296,3
uci144-row-0299,5
uci144-row-0300,1
uci144-row-0301,4
uci144-row-0302,3
uci144-row-0303,4
uci144-row-0304,1
uci144-row-0306,3
uci144-row-0307,5
uci144-row-0308,2
uci144-row-0310,4
uci144-row-0311,3
uci144-row-0312,3
uci144-row-0313,5
uci144-row-0314,2
uci144-row-0315,4
uci144-row-0316,2
uci144-row-0317,1
uci144-row-0319,5
uci144-row-0320,3
uci144-row-0321,1
uci144-row-0322,1
uci144-row-0323,3
uci144-row-0324,1
uci144-row-0325,4
uci144-row-0326,2
uci144-row-0327,3
uci144-row-0328,5
uci144-row-0329,3
uci144-row-0332,3
uci144-row-0333,1
uci144-row-0334,5
uci144-row-0335,4
uci144-row-0336,5
uci144-row-0340,2
uci144-row-0341,2
uci144-row-0342,3
uci144-row-0343,4
uci144-row-0344,2
uci144-row-0345,1
uci144-row-0346,2
uci144-row-0349,2
uci144-row-0350,5
uci144-row-0351,2
uci144-row-0352,5
uci144-row-0353,5
uci144-row-0355,3
uci144-row-0357,1
uci144-row-0358,1
uci144-row-0359,3
uci144-row-0360,2
uci144-row-0361,1
uci144-row-0362,1
uci144-row-0363,5
uci144-row-0364,1
uci144-row-0365,5
uci144-row-0366,5
uci144-row-0367,3
uci144-row-0368,5
uci144-row-0369,3
uci144-row-0370,5
uci144-row-0371,5
uci144-row-0372,4
uci144-row-0375,5
uci144-row-0377,1
uci144-row-0378,2
uci144-row-0379,2
uci144-row-0381,3
uci144-row-0382,1
uci144-row-0383,1
uci144-row-0385,1
uci144-row-0386,4
uci144-row-0387,3
uci144-row-0388,5
uci144-row-0389,1
uci144-row-0390,2
uci144-row-0391,1
uci144-row-0392,2
uci144-row-0393,3
uci144-row-0394,4
uci144-row-0395,3
uci144-row-0397,1
uci144-row-0398,1
uci144-row-0399,1
uci144-row-0400,5
uci144-row-0401,4
uci144-row-0402,1
uci144-row-0403,1
uci144-row-0404,4
uci144-row-0406,5
uci144-row-0407,4
uci144-row-0408,1
uci144-row-0409,2
uci144-row-0410,4
uci144-row-0411,3
uci144-row-0412,5
uci144-row-0414,1
uci144-row-0415,2
uci144-row-0416,4
uci144-row-0417,5
uci144-row-0418,5
uci144-row-0419,1
uci144-row-0420,1
uci144-row-0421,5
uci144-row-0422,3
uci144-row-0423,3
uci144-row-0425,2
uci144-row-0426,1
uci144-row-0427,1
uci144-row-0428,2
uci144-row-0429,1
uci144-row-0430,5
uci144-row-0433,1
uci144-row-0435,3
uci144-row-0437,1
uci144-row-0438,2
uci144-row-0439,3
uci144-row-0440,2
uci144-row-0441,5
uci144-row-0442,2
uci144-row-0443,5
uci144-row-0444,4
uci144-row-0445,2
uci144-row-0446,5
uci144-row-0447,1
uci144-row-0448,2
uci144-row-0449,4
uci144-row-0450,3
uci144-row-0451,1
uci144-row-0452,3
uci144-row-0453,2
uci144-row-0454,4
uci144-row-0455,4
uci144-row-0457,5
uci144-row-0458,2
uci144-row-0459,2
uci144-row-0460,2
uci144-row-0461,3
uci144-row-0462,3
uci144-row-0463,4
uci144-row-0465,3
uci144-row-0467,2
uci144-row-0468,1
uci144-row-0469,4
uci144-row-0470,1
uci144-row-0471,5
uci144-row-0472,3
uci144-row-0473,4
uci144-row-0475,4
uci144-row-0476,4
uci144-row-0477,4
uci144-row-0479,5
uci144-row-0480,2
uci144-row-0481,3
uci144-row-0482,4
uci144-row-0483,4
uci144-row-0484,5
uci144-row-0485,4
uci144-row-0487,3
uci144-row-0488,4
uci144-row-0489,5
uci144-row-0490,4
uci144-row-0491,1
uci144-row-0492,1
uci144-row-0493,2
uci144-row-0494,3
uci144-row-0495,4
uci144-row-0496,5
uci144-row-0497,1
uci144-row-0498,1
uci144-row-0499,1
uci144-row-0500,4
uci144-row-0501,5
uci144-row-0502,3
uci144-row-0503,3
uci144-row-0504,3
uci144-row-0505,2
uci144-row-0506,3
uci144-row-0508,2
uci144-row-0509,4
uci144-row-0510,3
uci144-row-0512,2
uci144-row-0513,3
uci144-row-0514,5
uci144-row-0516,1
uci144-row-0517,4
uci144-row-0518,4
uci144-row-0519,2
uci144-row-0520,5
uci144-row-0521,2
uci144-row-0522,1
uci144-row-0526,5
uci144-row-0527,2
uci144-row-0528,4
uci144-row-0530,4
uci144-row-0531,2
uci144-row-0532,4
uci144-row-0534,4
uci144-row-0536,5
uci144-row-0537,1
uci144-row-0539,2
uci144-row-0540,2
uci144-row-0541,1
uci144-row-0544,1
uci144-row-0546,4
uci144-row-0547,3
uci144-row-0548,5
uci144-row-0550,1
uci144-row-0551,5
uci144-row-0553,2
uci144-row-0554,3
uci144-row-0555,4
uci144-row-0556,3
uci144-row-0557,5
uci144-row-0558,1
uci144-row-0559,1
uci144-row-0560,1
uci144-row-0561,2
uci144-row-0562,2
uci144-row-0565,2
uci144-row-0566,2
uci144-row-0567,3
uci144-row-0568,3
uci144-row-0569,3
uci144-row-0570,1
uci144-row-0573,4
uci144-row-0574,4
uci144-row-0575,5
uci144-row-0576,4
uci144-row-0577,5
uci144-row-0578,5
uci144-row-0579,3
uci144-row-0581,2
uci144-row-0582,2
uci144-row-0583,5
uci144-row-0584,1
uci144-row-0585,2
uci144-row-0586,5
uci144-row-0587,5
uci144-row-0589,1
uci144-row-0590,4
uci144-row-0591,2
uci144-row-0592,2
uci144-row-0593,5
uci144-row-0594,3
uci144-row-0596,5
uci144-row-0597,2
uci144-row-0598,5
uci144-row-0600,4
uci144-row-0601,4
uci144-row-0602,2
uci144-row-0603,3
uci144-row-0604,1
uci144-row-0605,5
uci144-row-0606,5
uci144-row-0607,4
uci144-row-0608,5
uci144-row-0610,4
uci144-row-0611,3
uci144-row-0612,2
uci144-row-0613,3
uci144-row-0614,4
uci144-row-0615,4
uci144-row-0616,4
uci144-row-0617,4
uci144-row-0618,2
uci144-row-0619,2
uci144-row-0620,2
uci144-row-0622,4
uci144-row-0623,5
uci144-row-0624,5
uci144-row-0625,3
uci144-row-0626,4
uci144-row-0627,4
uci144-row-0628,5
uci144-row-0629,3
uci144-row-0630,2
uci144-row-0631,4
uci144-row-0632,4
uci144-row-0633,3
uci144-row-0634,2
uci144-row-0635,2
uci144-row-0636,3
uci144-row-0637,4
uci144-row-0638,2
uci144-row-0639,3
uci144-row-0640,3
uci144-row-0641,5
uci144-row-0642,2
uci144-row-0643,4
uci144-row-0644,2
uci144-row-0645,4
uci144-row-0646,2
uci144-row-0647,3
uci144-row-0649,1
uci144-row-0650,3
uci144-row-0651,3
uci144-row-0652,1
uci144-row-0653,2
uci144-row-0655,2
uci144-row-0656,2
uci144-row-0657,4
uci144-row-0660,4
uci144-row-0661,3
uci144-row-0662,5
uci144-row-0667,5
uci144-row-0668,4
uci144-row-0670,4
uci144-row-0671,2
uci144-row-0673,5
uci144-row-0674,3
uci144-row-0675,2
uci144-row-0676,5
uci144-row-0677,5
uci144-row-0680,1
uci144-row-0681,4
uci144-row-0685,5
uci144-row-0686,2
uci144-row-0687,4
uci144-row-0688,1
uci144-row-0689,2
uci144-row-0690,1
uci144-row-0691,3
uci144-row-0693,1
uci144-row-0694,3
uci144-row-0695,2
uci144-row-0696,5
uci144-row-0698,2
uci144-row-0701,5
uci144-row-0702,3
uci144-row-0703,1
uci144-row-0704,1
uci144-row-0705,1
uci144-row-0706,2
uci144-row-0707,5
uci144-row-0708,4
uci144-row-0709,2
uci144-row-0711,5
uci144-row-0712,4
uci144-row-0713,4
uci144-row-0714,2
uci144-row-0715,1
uci144-row-0717,5
uci144-row-0719,1
uci144-row-0720,1
uci144-row-0721,1
uci144-row-0722,4
uci144-row-0723,1
uci144-row-0724,3
uci144-row-0727,4
uci144-row-0728,3
uci144-row-0729,4
uci144-row-0731,4
uci144-row-0732,4
uci144-row-0733,5
uci144-row-0734,2
uci144-row-0735,5
uci144-row-0736,1
uci144-row-0737,5
uci144-row-0738,5
uci144-row-0739,5
uci144-row-0741,2
uci144-row-0742,4
uci144-row-0744,3
uci144-row-0745,4
uci144-row-0746,4
uci144-row-0748,4
uci144-row-0749,3
uci144-row-0750,5
uci144-row-0751,1
uci144-row-0753,3
uci144-row-0754,5
uci144-row-0755,1
uci144-row-0756,4
uci144-row-0757,1
uci144-row-0758,2
uci144-row-0759,3
uci144-row-0760,5
uci144-row-0761,5
uci144-row-0763,2
uci144-row-0764,5
uci144-row-0765,5
uci144-row-0766,2
uci144-row-0767,4
uci144-row-0768,1
uci144-row-0769,3
uci144-row-0770,2
uci144-row-0771,1
uci144-row-0772,2
uci144-row-0774,4
uci144-row-0775,1
uci144-row-0776,4
uci144-row-0777,1
uci144-row-0778,4
uci144-row-0779,3
uci144-row-0781,3
uci144-row-0782,3
uci144-row-0783,2
uci144-row-0784,3
uci144-row-0785,2
uci144-row-0786,1
uci144-row-0787,5
uci144-row-0788,3
uci144-row-0790,3
uci144-row-0791,4
uci144-row-0793,3
uci144-row-0796,4
uci144-row-0798,3
uci144-row-0799,4
uci144-row-0806,4
uci144-row-0808,2
uci144-row-0809,4
uci144-row-0810,1
uci144-row-0811,5
uci144-row-0812,2
uci144-row-0813,4
uci144-row-0814,3
uci144-row-0815,1
uci144-row-0816,1
uci144-row-0817,2
uci144-row-0820,2
uci144-row-0821,2
uci144-row-0822,5
uci144-row-0823,5
uci144-row-0824,1
uci144-row-0825,3
uci144-row-0826,4
uci144-row-0827,4
uci144-row-0828,2
uci144-row-0829,3
uci144-row-0830,1
uci144-row-0831,3
uci144-row-0834,1
uci144-row-0835,4
uci144-row-0836,1
uci144-row-0837,2
uci144-row-0838,1
uci144-row-0839,4
uci144-row-0840,2
uci144-row-0842,5
uci144-row-0843,5
uci144-row-0844,2
uci144-row-0847,5
uci144-row-0848,4
uci144-row-0850,2
uci144-row-0851,3
uci144-row-0852,3
uci144-row-0853,1
uci144-row-0856,5
uci144-row-0858,4
uci144-row-0860,3
uci144-row-0862,3
uci144-row-0863,3
uci144-row-0864,2
uci144-row-0865,2
uci144-row-0866,2
uci144-row-0867,3
uci144-row-0868,5
uci144-row-0869,3
uci144-row-0870,5
uci144-row-0871,5
uci144-row-0872,5
uci144-row-0873,5
uci144-row-0874,3
uci144-row-0875,4
uci144-row-0877,3
uci144-row-0879,2
uci144-row-0880,5
uci144-row-0881,4
uci144-row-0882,2
uci144-row-0883,2
uci144-row-0884,1
uci144-row-0885,3
uci144-row-0886,5
uci144-row-0887,2
uci144-row-0889,4
uci144-row-0890,2
uci144-row-0892,5
uci144-row-0893,3
uci144-row-0894,3
uci144-row-0895,1
uci144-row-0896,1
uci144-row-0897,4
uci144-row-0898,1
uci144-row-0899,5
uci144-row-0900,1
uci144-row-0901,5
uci144-row-0902,4
uci144-row-0903,1
uci144-row-0904,4
uci144-row-0905,1
uci144-row-0906,2
uci144-row-0907,1
uci144-row-0908,4
uci144-row-0909,3
uci144-row-0910,5
uci144-row-0911,4
uci144-row-0912,1
uci144-row-0913,5
uci144-row-0914,4
uci144-row-0915,2
uci144-row-0917,1
uci144-row-0919,4
uci144-row-0920,4
uci144-row-0921,4
uci144-row-0923,3
uci144-row-0924,4
uci144-row-0925,3
uci144-row-0926,4
uci144-row-0927,3
uci144-row-0928,1
uci144-row-0929,1
uci144-row-0930,3
uci144-row-0931,4
uci144-row-0933,3
uci144-row-0935,2
uci144-row-0936,4
uci144-row-0938,5
uci144-row-0940,5
uci144-row-0941,5
uci144-row-0943,5
uci144-row-0944,3
uci144-row-0946,2
uci144-row-0947,3
uci144-row-0949,2
uci144-row-0950,5
uci144-row-0951,5
uci144-row-0952,3
uci144-row-0953,2
uci144-row-0955,5
uci144-row-0956,1
uci144-row-0957,5
uci144-row-0958,3
uci144-row-0959,2
uci144-row-0960,1
uci144-row-0961,3
uci144-row-0962,5
uci144-row-0963,2
uci144-row-0964,3
uci144-row-0965,3
uci144-row-0966,2
uci144-row-0968,4
uci144-row-0969,4
uci144-row-0970,5
uci144-row-0971,4
uci144-row-0972,3
uci144-row-0973,1
uci144-row-0974,1
uci144-row-0976,2
uci144-row-0977,1
uci144-row-0979,3
uci144-row-0980,3
uci144-row-0981,5
uci144-row-0982,1
uci144-row-0983,4
uci144-row-0984,1
uci144-row-0985,1
uci144-row-0986,5
uci144-row-0987,3
uci144-row-0988,2
uci144-row-0989,5
uci144-row-0990,2
uci144-row-0991,1
uci144-row-0992,1
uci144-row-0995,1
uci144-row-0996,3
uci144-row-0998,4
uci144-row-1000,1
