outer_fold,candidate,rank_inner_average_precision,mean_inner_average_precision,std_inner_average_precision,mean_inner_roc_auc,std_inner_roc_auc,mean_inner_brier_score,std_inner_brier_score,mean_inner_recall_at_0_50,std_inner_recall_at_0_50,n_estimators,max_depth,learning_rate,min_child_weight,subsample,colsample_bytree,gamma,reg_alpha,reg_lambda
1,32,1,0.5741348386329703,0.04006920955338637,0.7638578869047619,0.012886275936111033,0.17309644270629476,0.004138173133789767,0.47395833333333337,0.04000596743681567,700,5,0.08,3,1.0,0.8,0.25,0.1,10.0
1,23,2,0.5733117675720961,0.02126029330158412,0.7621372767857142,0.007536782557101035,0.17275464095508092,0.0010167541293979487,0.39062499999999994,0.03719493973199402,500,3,0.02,1,1.0,0.9,0.5,0.01,10.0
1,28,3,0.5711744823223253,0.026179144286874678,0.7611607142857143,0.018176418612244033,0.17672260400357698,0.007884061876798042,0.4635416666666667,0.06810779599282303,500,5,0.03,1,1.0,0.9,0.0,0.0,5.0
1,33,4,0.5701781343503121,0.014880625136949516,0.750790550595238,0.02569772304670682,0.18675174637891967,0.009358887144578394,0.45312499999999994,0.05387541892077395,500,3,0.1,1,0.8,0.9,0.5,0.0,2.0
1,2,5,0.5662259791193578,0.02614188882373735,0.7541852678571429,0.022517622709107326,0.1761440058672214,0.007176594104001023,0.40625,0.04540519732854869,150,5,0.05,8,1.0,0.8,0.0,0.5,1.0
1,12,6,0.5658888858687413,0.03680509882903479,0.763299851190476,0.002645361356645841,0.17367628245573968,0.0023061425152069667,0.4166666666666667,0.014731391274719747,150,3,0.05,1,0.9,1.0,0.25,0.0,2.0
1,9,7,0.5654474153039635,0.010354982214349282,0.7549758184523809,0.02174763774897072,0.18565447168522897,0.007419465422985549,0.4479166666666667,0.034548174899535426,250,4,0.08,3,0.9,0.7,0.25,0.0,1.0
1,26,8,0.5623529371699361,0.024131943338844858,0.749813988095238,0.022767659580336445,0.1793165062911292,0.007036385539868272,0.4427083333333333,0.04510548978043951,500,3,0.1,8,0.8,0.8,1.0,0.5,2.0
1,25,9,0.5613024181365857,0.02302308794441721,0.7548363095238095,0.011810657405795486,0.1764135076272826,0.0037578797696487874,0.46354166666666663,0.05961209969926872,500,2,0.03,3,0.8,0.9,0.5,0.01,2.0
1,20,10,0.5604814264313511,0.0241783898777811,0.7519066220238095,0.021502032835188364,0.17773943898029368,0.007542270650330145,0.4322916666666667,0.04000596743681567,350,3,0.03,8,0.8,0.9,0.5,0.0,1.0
1,37,11,0.55972015103589,0.028339842908932537,0.7549293154761905,0.01585881036549475,0.17542870777588224,0.004985709405046493,0.421875,0.042632045686835665,350,5,0.02,8,0.7,1.0,1.0,0.5,5.0
1,18,12,0.5591666968650748,0.017307205984921543,0.7499534970238095,0.025383767866033993,0.18285205741837715,0.009259746305846134,0.4791666666666667,0.0465847495312456,350,3,0.08,8,1.0,0.9,0.0,0.0,1.0
1,38,13,0.5584372450625041,0.010606665429642762,0.7497209821428572,0.019322644129012044,0.18169125549928097,0.005494632572235009,0.46875,0.042949016933517284,700,3,0.03,3,0.7,1.0,0.0,0.01,5.0
1,7,14,0.5581964577591204,0.029049709332639066,0.7454427083333333,0.02095112619317217,0.18038413195821873,0.00769016583859963,0.453125,0.034153325647406266,500,2,0.05,8,0.7,0.7,1.0,0.01,2.0
1,27,15,0.557856266669027,0.025616853645517104,0.7551618303571429,0.010465856136593236,0.17685395541012555,0.002859878296049008,0.4583333333333333,0.05311478659992486,500,2,0.03,3,0.8,0.8,0.5,0.0,0.5
1,30,16,0.5577671168637544,0.02460958160533782,0.7548828125,0.013255469232953223,0.1754424469639776,0.0038857682848359204,0.4270833333333333,0.042949016933517284,350,5,0.03,3,0.7,0.8,1.0,0.01,10.0
1,36,17,0.557581214285293,0.016367934073620242,0.7512090773809523,0.01091503211935541,0.17752734981891816,0.0032977923784080184,0.4166666666666667,0.05311478659992486,700,3,0.02,5,1.0,0.9,0.0,0.5,5.0
1,13,18,0.5571880434314093,0.016358719258696773,0.7513950892857142,0.019028526910298597,0.17969358332907043,0.005382555260470802,0.45833333333333337,0.038975597778895234,500,4,0.08,5,0.9,0.7,0.5,0.1,10.0
1,8,19,0.5569447554395855,0.021137421415499385,0.746000744047619,0.026766815784774595,0.1798192766329128,0.0078873112498377,0.45833333333333337,0.04885849749816073,500,3,0.05,8,0.7,0.8,0.5,0.1,5.0
1,40,20,0.5563771078286136,0.027635282421932115,0.7414899553571428,0.03658419017619728,0.1908751575639443,0.014462344231795769,0.4739583333333333,0.059612099699268735,700,3,0.1,8,0.9,0.8,0.0,0.0,2.0
1,35,21,0.5563129407909357,0.031760052174366546,0.7338169642857143,0.037269749270547554,0.19348915330760966,0.013250428233233328,0.4583333333333333,0.038975597778895234,700,4,0.05,5,0.7,1.0,0.5,0.01,2.0
1,3,22,0.556035135358797,0.011705401836817068,0.753720238095238,0.016178759013440912,0.1786579692122489,0.003350621682511879,0.4427083333333333,0.017274087449767692,700,4,0.02,3,0.7,0.8,0.0,0.0,5.0
1,17,23,0.5556729707973056,0.023227451265616667,0.7552548363095237,0.018597644286227514,0.17718303755614434,0.005169780931933285,0.4322916666666667,0.05387541892077395,250,5,0.1,5,1.0,0.8,0.25,0.1,5.0
1,19,24,0.5551371416779474,0.011644618776677017,0.7504650297619048,0.016536500180728008,0.17973269585731194,0.0064268155220400126,0.4427083333333333,0.04510548978043951,500,3,0.03,5,0.9,0.7,0.25,0.1,2.0
1,14,25,0.5551016858929151,0.022008210536331126,0.7573939732142857,0.011425261699442591,0.17483383099082617,0.0009864368267961975,0.36458333333333337,0.05208333333333332,150,4,0.08,3,1.0,0.9,1.0,0.5,2.0
1,31,26,0.554817265504319,0.030114878659327035,0.7479538690476191,0.026840879762982682,0.1798100879355724,0.008777936833099673,0.4583333333333333,0.05311478659992486,350,3,0.08,8,0.7,0.8,0.5,0.0,10.0
1,1,27,0.553607261758722,0.02536384812667796,0.7495349702380952,0.011935602838534141,0.17812644114937703,0.003700957274700915,0.453125,0.05182226234930312,700,2,0.1,1,0.9,0.7,1.0,0.01,10.0
1,39,28,0.5524839554215177,0.01524009305540242,0.7433035714285714,0.015582313964701886,0.18068826422389186,0.003995130005096681,0.4427083333333333,0.017274087449767692,350,2,0.08,5,0.9,1.0,1.0,0.01,1.0
1,10,29,0.552021553606135,0.030301847159399813,0.7520461309523809,0.016183570222426273,0.17615524843720048,0.004927539303581469,0.38020833333333337,0.027063293868263703,250,3,0.03,8,0.8,0.8,0.0,0.1,10.0
1,5,30,0.5519995755290759,0.014324063735221278,0.7471633184523809,0.020763617925261924,0.17874536815631345,0.006408001968128474,0.4010416666666667,0.027063293868263713,700,3,0.02,8,0.9,0.9,0.0,0.1,10.0
1,22,31,0.5513609751750885,0.03551304232812253,0.7532087053571429,0.013319916884390466,0.1758272985555049,0.0040848026764782695,0.375,0.014731391274719726,250,2,0.03,3,0.8,0.9,0.0,0.01,5.0
1,16,32,0.5504297919830755,0.010435554683283908,0.7501395089285714,0.019055725824815885,0.1770155508588796,0.0053578807826027836,0.3802083333333333,0.047450174891376554,150,3,0.05,5,1.0,0.8,0.25,0.0,0.5
1,15,33,0.550341901306413,0.029813592933491263,0.7543712797619048,0.015303083076223219,0.17652052795568687,0.0044298365948028445,0.29166666666666663,0.057054433073454806,150,4,0.02,8,0.7,1.0,0.0,0.5,2.0
1,11,34,0.549571790532457,0.014494520789547435,0.7520926339285714,0.014662160522078471,0.18138859011341096,0.0040102543891591975,0.4375,0.048858497498160715,150,3,0.1,3,0.9,1.0,0.5,0.0,0.5
1,34,35,0.5487775889095521,0.011994958763323443,0.7477678571428571,0.02178405104200957,0.18020519520441441,0.006109618113635621,0.44270833333333337,0.055853152576893786,500,5,0.02,5,0.8,1.0,0.25,0.5,2.0
1,4,36,0.5479973500389563,0.02374485292443969,0.7495814732142857,0.015101013641951736,0.17753706551579215,0.0050872192567957535,0.40624999999999994,0.047735163489123336,350,2,0.05,5,0.9,0.9,1.0,0.5,10.0
1,6,37,0.5475542777614159,0.03349909862853383,0.7469308035714286,0.011917470778664013,0.17782189732248044,0.003565160046168523,0.3541666666666667,0.02551551815399144,500,4,0.08,8,1.0,0.7,1.0,0.01,10.0
1,21,38,0.5412176722590102,0.036149464120818674,0.7521391369047619,0.014592453131941728,0.17837132114479542,0.0038263983516357196,0.22916666666666669,0.025515518153991428,150,2,0.02,5,0.7,0.7,0.5,0.01,0.5
1,24,39,0.5410251021016972,0.04022390660929704,0.7579985119047619,0.008282230975034695,0.17621353499890882,0.0014374688250532498,0.29166666666666663,0.0570544330734548,150,3,0.02,3,1.0,0.8,0.5,0.01,1.0
1,29,40,0.5293134932647199,0.041185371296485564,0.7502325148809523,0.01092681412192569,0.17812351950576716,0.003023522949165083,0.3072916666666667,0.030812915536977178,250,2,0.03,5,1.0,0.7,1.0,0.5,5.0
2,38,1,0.5978355876110272,0.03090968154983702,0.7783668154761905,0.009510739758996533,0.16942833260538742,0.004410081157455924,0.4479166666666667,0.06669921080659219,700,3,0.03,3,0.7,1.0,0.0,0.01,5.0
2,27,2,0.5932080647451059,0.039396905441978845,0.7779017857142857,0.011673636472271596,0.16785265684895312,0.005491741253388156,0.42708333333333337,0.05208333333333334,500,2,0.03,3,0.8,0.8,0.5,0.0,0.5
2,5,3,0.590943862343484,0.04282265466952243,0.7711123511904763,0.015749892810802354,0.1705729352505828,0.00534711154326702,0.4010416666666667,0.037194939731993996,700,3,0.02,8,0.9,0.9,0.0,0.1,10.0
2,13,4,0.5900392937982487,0.03034714074154924,0.7731584821428571,0.012330569081464477,0.1705090949031749,0.004810079441961604,0.44270833333333337,0.08382019239287021,500,4,0.08,5,0.9,0.7,0.5,0.1,10.0
2,19,5,0.5899116052870343,0.03566730457632839,0.7765531994047619,0.01121898155023325,0.16843337955087556,0.0045074842482231295,0.4375,0.06909634979907084,500,3,0.03,5,0.9,0.7,0.25,0.1,2.0
2,8,6,0.5895980111859036,0.0368605592972218,0.7696707589285714,0.012380189278249722,0.1724758406488819,0.005540711520929184,0.40104166666666663,0.061405344388289554,500,3,0.05,8,0.7,0.8,0.5,0.1,5.0
2,30,7,0.5878330985429305,0.044756933605102696,0.7741350446428571,0.013763231254706656,0.16847477286196003,0.005399462438079273,0.3697916666666667,0.04000596743681567,350,5,0.03,3,0.7,0.8,1.0,0.01,10.0
2,3,8,0.5865934603488029,0.034999551370350525,0.7722749255952381,0.014649766096211549,0.17133571575179463,0.0053600669355355025,0.40625000000000006,0.06987712429686843,700,4,0.02,3,0.7,0.8,0.0,0.0,5.0
2,7,9,0.5862564395096685,0.033615642300195266,0.7714378720238094,0.011473614017369117,0.171040479901325,0.00498625367523881,0.43749999999999994,0.04419417382415923,500,2,0.05,8,0.7,0.7,1.0,0.01,2.0
2,9,10,0.5854154589266228,0.027364232639343566,0.7693917410714286,0.020225052677984943,0.17685027017221933,0.008486828200950909,0.4635416666666667,0.075655411699656,250,4,0.08,3,0.9,0.7,0.25,0.0,1.0
2,25,11,0.5852236503045992,0.04188700712253315,0.777436755952381,0.00963722993257282,0.16824920374447488,0.004971515061979675,0.421875,0.04968433340713258,500,2,0.03,3,0.8,0.9,0.5,0.01,2.0
2,39,12,0.5840576655174154,0.03304264412293204,0.7729259672619047,0.012708421955499472,0.16990228258684043,0.003001151236916514,0.44270833333333337,0.06314768569261532,350,2,0.08,5,0.9,1.0,1.0,0.01,1.0
2,1,13,0.5831720667702948,0.04888421727816746,0.7737630208333333,0.0071018738674946055,0.1690754629402253,0.005974504744640941,0.4270833333333333,0.042949016933517284,700,2,0.1,1,0.9,0.7,1.0,0.01,10.0
2,35,14,0.5816394090493952,0.012610612739324184,0.7573009672619048,0.02258623271625298,0.1827904106062062,0.006996516238862234,0.45833333333333337,0.06073908223797187,700,4,0.05,5,0.7,1.0,0.5,0.01,2.0
2,20,15,0.5802207995808732,0.041823204501603706,0.7667875744047619,0.013526132277971191,0.17193971626575588,0.00492319881888299,0.4322916666666667,0.04745017489137655,350,3,0.03,8,0.8,0.9,0.5,0.0,1.0
2,26,16,0.5790879238782387,0.025421501617837614,0.7675316220238095,0.013763859734278398,0.17314749790437184,0.003801787319620661,0.41145833333333337,0.04510548978043952,500,3,0.1,8,0.8,0.8,1.0,0.5,2.0
2,31,17,0.5786176977614239,0.03563613712782429,0.7708333333333333,0.016205469876952743,0.1724781948625828,0.00599529112497245,0.41666666666666663,0.03294039229342061,350,3,0.08,8,0.7,0.8,0.5,0.0,10.0
2,34,18,0.577729373153001,0.039874989870162594,0.769438244047619,0.013530688024947791,0.1714716642623293,0.005482870222528972,0.4270833333333333,0.061625831073954335,500,5,0.02,5,0.8,1.0,0.25,0.5,2.0
2,33,19,0.5762884457175985,0.038714616015676453,0.7629743303571428,0.01740298940143915,0.181087720506763,0.011824881273264466,0.46875,0.06162583107395432,500,3,0.1,1,0.8,0.9,0.5,0.0,2.0
2,4,20,0.5752863828964763,0.052203253543131295,0.7722284226190476,0.0037538013524201276,0.16979955229763197,0.0033472033836446295,0.34895833333333337,0.034153325647406245,350,2,0.05,5,0.9,0.9,1.0,0.5,10.0
2,2,21,0.5743386409839684,0.04849637734665186,0.7659970238095238,0.010528175216179785,0.17208804176147818,0.006158626077097263,0.3958333333333333,0.038975597778895234,150,5,0.05,8,1.0,0.8,0.0,0.5,1.0
2,37,22,0.5742463158249835,0.04525492418524168,0.7672991071428571,0.009702977199214972,0.17161522474421007,0.005469791880871856,0.36458333333333337,0.04773516348912333,350,5,0.02,8,0.7,1.0,1.0,0.5,5.0
2,11,23,0.5719822691194658,0.033398473421085845,0.765625,0.01850841820563173,0.17515502487421164,0.008482823738458843,0.45833333333333337,0.05705443307345481,150,3,0.1,3,0.9,1.0,0.5,0.0,0.5
2,32,24,0.5700104887611964,0.029919233971585402,0.7646949404761905,0.01269454594428274,0.1738138956251396,0.005030063272352867,0.40624999999999994,0.047735163489123336,700,5,0.08,3,1.0,0.8,0.25,0.1,10.0
2,10,25,0.5683534407008607,0.05325203066086313,0.7637648809523809,0.013654464841978237,0.1723776103629027,0.00526128768258201,0.3229166666666667,0.034548174899535426,250,3,0.03,8,0.8,0.8,0.0,0.1,10.0
2,40,26,0.5680950273741578,0.02003498962472504,0.7528366815476191,0.020739441094532306,0.18571512618380404,0.009162979091112314,0.4791666666666667,0.07365695637359869,700,3,0.1,8,0.9,0.8,0.0,0.0,2.0
2,6,27,0.5659130401567123,0.04682486059823402,0.7623232886904762,0.012169483245917831,0.17285209535822396,0.00510196710521425,0.34895833333333337,0.034153325647406245,500,4,0.08,8,1.0,0.7,1.0,0.01,10.0
2,22,28,0.5655647411276109,0.05020350830069369,0.7682756696428572,0.007635981270409529,0.17177698206551323,0.003491025556279562,0.3385416666666667,0.05182226234930312,250,2,0.03,3,0.8,0.9,0.0,0.01,5.0
2,18,29,0.5645646247944491,0.029745887058061866,0.755859375,0.02627134183189776,0.1814544731971528,0.009574431190203504,0.4375,0.060739082237971885,350,3,0.08,8,1.0,0.9,0.0,0.0,1.0
2,12,30,0.5637707715631077,0.043630927660882064,0.765811011904762,0.01498925894928942,0.17228904038425913,0.0074551537514375675,0.390625,0.05961209969926873,150,3,0.05,1,0.9,1.0,0.25,0.0,2.0
2,21,31,0.562012363662618,0.038960037076974624,0.7598121279761905,0.008395687039729057,0.17580656247918708,0.002329629378442501,0.21354166666666669,0.009021097956087895,150,2,0.02,5,0.7,0.7,0.5,0.01,0.5
2,17,32,0.5616862873902102,0.02691288265338021,0.7656715029761905,0.01635444286831711,0.1741287004101113,0.005689819660480193,0.4583333333333333,0.04658474953124564,250,5,0.1,5,1.0,0.8,0.25,0.1,5.0
2,16,33,0.5606744756104847,0.041702358162430536,0.7665085565476191,0.016172007544171585,0.17239842122645013,0.0057657775789264325,0.40625000000000006,0.06987712429686843,150,3,0.05,5,1.0,0.8,0.25,0.0,0.5
2,15,34,0.5598380774686561,0.04938007415450027,0.7604631696428572,0.01007076680986271,0.17502189412564628,0.004117073139767764,0.24999999999999997,0.014731391274719736,150,4,0.02,8,0.7,1.0,0.0,0.5,2.0
2,36,35,0.5577360107650053,0.04769466018564944,0.7692522321428572,0.019055328625426433,0.1722945784554691,0.0073453076150575124,0.4270833333333333,0.034548174899535405,700,3,0.02,5,1.0,0.9,0.0,0.5,5.0
2,14,36,0.5572643373615904,0.04501912050207178,0.7605096726190476,0.018058728934469172,0.17429747684664412,0.006440812244170026,0.359375,0.0696827508346857,150,4,0.08,3,1.0,0.9,1.0,0.5,2.0
2,28,37,0.5548831163012171,0.03878535924240042,0.7493024553571429,0.016682776625448783,0.18433151529078826,0.008795592434179218,0.4270833333333333,0.06162583107395434,500,5,0.03,1,1.0,0.9,0.0,0.0,5.0
2,29,38,0.5482761632349396,0.05323724847520797,0.7586030505952381,0.00927370088440071,0.17476982663960658,0.003330374742358861,0.30729166666666663,0.034153325647406245,250,2,0.03,5,1.0,0.7,1.0,0.5,5.0
2,23,39,0.5453964444056763,0.04930598124151462,0.7591378348214286,0.01869100052176478,0.1751366162412532,0.007725917492333836,0.390625,0.051822262349303115,500,3,0.02,1,1.0,0.9,0.5,0.01,10.0
2,24,40,0.5356373532282079,0.04469881285712969,0.7534644717261905,0.025521736176713574,0.17655758502088056,0.006299505259597403,0.2760416666666667,0.04745017489137657,150,3,0.02,3,1.0,0.8,0.5,0.01,1.0
3,22,1,0.5991511823743741,0.030369986058146246,0.7808314732142857,0.041099660791083244,0.16943411380676288,0.010717350343396988,0.28645833333333337,0.022702598664274345,250,2,0.03,3,0.8,0.9,0.0,0.01,5.0
3,4,2,0.5976196792535686,0.03818837552463706,0.7837146577380951,0.039960616525787675,0.16842816002403987,0.011540361933266949,0.3333333333333333,0.038975597778895234,350,2,0.05,5,0.9,0.9,1.0,0.5,10.0
3,9,3,0.5966718459251736,0.04078616878964284,0.7733909970238095,0.04342658464767886,0.18008902253309117,0.018474032217754736,0.453125,0.05387541892077398,250,4,0.08,3,0.9,0.7,0.25,0.0,1.0
3,6,4,0.5957895879243784,0.0421264153156175,0.7753906249999999,0.041318620538962916,0.1707102304805348,0.011807252754938196,0.296875,0.009021097956087895,500,4,0.08,8,1.0,0.7,1.0,0.01,10.0
3,14,5,0.5955748789374011,0.04109913472971756,0.781133742559524,0.04182142594504616,0.17094401382058488,0.013986629699465939,0.3385416666666667,0.030812915536977164,150,4,0.08,3,1.0,0.9,1.0,0.5,2.0
3,25,6,0.5941722019792095,0.04058726555469178,0.780366443452381,0.04510326034048359,0.1708661751818141,0.01542307502122913,0.390625,0.05961209969926873,500,2,0.03,3,0.8,0.9,0.5,0.01,2.0
3,11,7,0.5941371788602726,0.036236248295627174,0.7735770089285715,0.042028889757453954,0.17806891329202373,0.018659741775863863,0.40625,0.07583447801333873,150,3,0.1,3,0.9,1.0,0.5,0.0,0.5
3,30,8,0.5940531719839677,0.04027317435472384,0.7794363839285714,0.04383006035106101,0.16884072766124508,0.013335081716807917,0.3697916666666667,0.04510548978043951,350,5,0.03,3,0.7,0.8,1.0,0.01,10.0
3,27,9,0.592228646352521,0.03688636611831093,0.7800874255952381,0.042575881055452715,0.17156064516476333,0.015217648430548066,0.3958333333333333,0.0570544330734548,500,2,0.03,3,0.8,0.8,0.5,0.0,0.5
3,12,10,0.5921920036827555,0.03605809172285586,0.7774367559523809,0.039561872336028904,0.17115830020186173,0.014620989223169826,0.3854166666666667,0.023292374765622806,150,3,0.05,1,0.9,1.0,0.25,0.0,2.0
3,5,11,0.5917957598600008,0.038843579293752185,0.7714378720238095,0.03754109547829059,0.1722843207072025,0.012482587915091147,0.38541666666666663,0.01804219591217579,700,3,0.02,8,0.9,0.9,0.0,0.1,10.0
3,39,12,0.5914868355591519,0.03155470391089031,0.7719029017857143,0.03963502430950317,0.1742013057141677,0.013737558359229799,0.42708333333333337,0.03755782578608323,350,2,0.08,5,0.9,1.0,1.0,0.01,1.0
3,21,13,0.590666482738488,0.03423007563699059,0.7693452380952381,0.04345120243631755,0.17507817582159657,0.007972593757362225,0.1875,0.029462782549439473,150,2,0.02,5,0.7,0.7,0.5,0.01,0.5
3,13,14,0.589358615004646,0.04520223590513493,0.771484375,0.044235942351950976,0.17514196303607296,0.01612833398371665,0.4270833333333333,0.034548174899535426,500,4,0.08,5,0.9,0.7,0.5,0.1,10.0
3,16,15,0.5892225732227001,0.03244888800952107,0.7713448660714285,0.04581133256042936,0.17177562269217025,0.01514021158439972,0.3697916666666667,0.030812915536977178,150,3,0.05,5,1.0,0.8,0.25,0.0,0.5
3,3,16,0.5890305913200686,0.04633014806331642,0.7734840029761905,0.0447920712484571,0.17406453100414065,0.01595939025223012,0.41666666666666663,0.03294039229342061,700,4,0.02,3,0.7,0.8,0.0,0.0,5.0
3,2,17,0.5888104567235877,0.03972568182141036,0.7679036458333334,0.03862634171010572,0.17335490062433695,0.014109513199927981,0.40625,0.010416666666666685,150,5,0.05,8,1.0,0.8,0.0,0.5,1.0
3,38,18,0.5885464709986789,0.04732350633002174,0.7696242559523809,0.04152577772762996,0.17724250868668234,0.01754392453748778,0.4010416666666667,0.017274087449767717,700,3,0.03,3,0.7,1.0,0.0,0.01,5.0
3,23,19,0.5881797525658834,0.03528493762664138,0.777529761904762,0.038863580820435305,0.17129745536583624,0.012718964386630985,0.359375,0.040005967436815656,500,3,0.02,1,1.0,0.9,0.5,0.01,10.0
3,1,20,0.5875754863466436,0.034823286017884536,0.7751116071428571,0.043341572136526535,0.17250986733045112,0.014727138166429284,0.390625,0.06140534438828958,700,2,0.1,1,0.9,0.7,1.0,0.01,10.0
3,19,21,0.5874807289734472,0.04122455198785869,0.7690197172619047,0.045431741787217386,0.17521495977580168,0.015868748734627472,0.4270833333333333,0.023292374765622806,500,3,0.03,5,0.9,0.7,0.25,0.1,2.0
3,15,22,0.5868090674931704,0.04777747544466737,0.7659970238095238,0.04145416254434588,0.17418209022557618,0.009426802312525122,0.25,0.04658474953124562,150,4,0.02,8,0.7,1.0,0.0,0.5,2.0
3,36,23,0.5866247698290141,0.03261011646936947,0.7751116071428572,0.04092748043364938,0.1715857341059669,0.014575927279418647,0.40104166666666663,0.042632045686835686,700,3,0.02,5,1.0,0.9,0.0,0.5,5.0
3,17,24,0.5856718670782428,0.03573789588826559,0.774507068452381,0.037262640695806995,0.173783060645592,0.014351853096167044,0.42187500000000006,0.057763210970882384,250,5,0.1,5,1.0,0.8,0.25,0.1,5.0
3,37,25,0.5846981588541644,0.04394439467920484,0.76953125,0.040102070095498016,0.17184228919638495,0.011308472937815109,0.3333333333333333,0.014731391274719747,350,5,0.02,8,0.7,1.0,1.0,0.5,5.0
3,28,26,0.5839051068053749,0.035296265818929765,0.7672061011904762,0.04104935478710573,0.1813587056291278,0.018759475157434802,0.43749999999999994,0.04419417382415923,500,5,0.03,1,1.0,0.9,0.0,0.0,5.0
3,32,27,0.5825184890164408,0.03305430681922345,0.7796688988095238,0.035004233057041374,0.1732493975966202,0.014805727044093511,0.40625,0.03125,700,5,0.08,3,1.0,0.8,0.25,0.1,10.0
3,29,28,0.5822653467219674,0.02789360399490288,0.7782040550595238,0.04045744897476692,0.17186109877428604,0.010148201440377874,0.28125,0.023292374765622813,250,2,0.03,5,1.0,0.7,1.0,0.5,5.0
3,7,29,0.5814461686009258,0.0417933283331192,0.7624162946428572,0.04231298111842364,0.17718604034451735,0.014741915860999127,0.421875,0.040005967436815656,500,2,0.05,8,0.7,0.7,1.0,0.01,2.0
3,20,30,0.5801978364606002,0.043368431017726264,0.7685546875,0.04168915952429369,0.17384150969954507,0.013693970175992169,0.39583333333333337,0.03294039229342061,350,3,0.03,8,0.8,0.9,0.5,0.0,1.0
3,34,31,0.5800386096144388,0.04318915287268329,0.7680431547619048,0.03905253380517013,0.175747629450359,0.014066161669063758,0.421875,0.022702598664274338,500,5,0.02,5,0.8,1.0,0.25,0.5,2.0
3,10,32,0.5799038433401804,0.0370583189754603,0.7681826636904763,0.03780056999481705,0.17228120308694908,0.011096174679343256,0.3229166666666667,0.023292374765622806,250,3,0.03,8,0.8,0.8,0.0,0.1,10.0
3,24,33,0.5781193024771174,0.033036970618916014,0.7731119791666666,0.050296381647362255,0.17333342594927506,0.011717490750331764,0.24999999999999997,0.036084391824351615,150,3,0.02,3,1.0,0.8,0.5,0.01,1.0
3,18,34,0.5751137172312737,0.02737428594476918,0.7637648809523809,0.0379822007653653,0.18006944663134333,0.014545828717006859,0.421875,0.017274087449767713,350,3,0.08,8,1.0,0.9,0.0,0.0,1.0
3,33,35,0.574955739661957,0.029748703202306315,0.7590215773809524,0.04224119030538445,0.1904186903165227,0.01621187723092541,0.4427083333333333,0.06140534438828955,500,3,0.1,1,0.8,0.9,0.5,0.0,2.0
3,35,36,0.5741856978520467,0.037720229053751005,0.7551153273809524,0.0397731775251082,0.18816978213700616,0.016207570139296787,0.453125,0.0496843334071326,700,4,0.05,5,0.7,1.0,0.5,0.01,2.0
3,31,37,0.571473572259499,0.044579912720007026,0.7592075892857144,0.03885300701367357,0.1787055104123463,0.014754772908297714,0.38020833333333337,0.037194939731994024,350,3,0.08,8,0.7,0.8,0.5,0.0,10.0
3,26,38,0.5706061560620811,0.03501908772888986,0.7573939732142856,0.03815928366131462,0.179862531451916,0.013513487440121368,0.3958333333333333,0.029462782549439473,500,3,0.1,8,0.8,0.8,1.0,0.5,2.0
3,8,39,0.5689841757816898,0.04427247542210134,0.758603050595238,0.041969985858208644,0.1796426350649737,0.015576609462537147,0.40625,0.03454817489953541,500,3,0.05,8,0.7,0.8,0.5,0.1,5.0
3,40,40,0.5488046548342296,0.036965042001834876,0.7397693452380953,0.04103512841418449,0.1951404718989712,0.01580102841598658,0.43749999999999994,0.02551551815399144,700,3,0.1,8,0.9,0.8,0.0,0.0,2.0
4,30,1,0.6168141990956706,0.056272594229069106,0.7779947916666667,0.022060455116739104,0.1686590149228855,0.010525533850397553,0.42708333333333337,0.06336210969060645,350,5,0.03,3,0.7,0.8,1.0,0.01,10.0
4,34,2,0.6161912620755073,0.04847978131590253,0.7703683035714286,0.022780383665492353,0.17471930599850072,0.01098570561850723,0.453125,0.05961209969926872,500,5,0.02,5,0.8,1.0,0.25,0.5,2.0
4,3,3,0.6156177986496866,0.03568287920358467,0.7691592261904763,0.02373857371951293,0.17404564257869154,0.010082739569103527,0.484375,0.05387541892077396,700,4,0.02,3,0.7,0.8,0.0,0.0,5.0
4,13,4,0.6155030980055408,0.046203474668584384,0.7694847470238095,0.019945982475782036,0.1749127519001896,0.008557515637929971,0.45833333333333337,0.08202091535428972,500,4,0.08,5,0.9,0.7,0.5,0.1,10.0
4,39,5,0.6148314683536354,0.05065758052601077,0.7729724702380951,0.023251302082589274,0.17214731895118757,0.01103765038400406,0.46875,0.08526409137367134,350,2,0.08,5,0.9,1.0,1.0,0.01,1.0
4,17,6,0.6113447207821224,0.0449362435931664,0.7674851190476191,0.022256617839910883,0.17437941902089038,0.009895937493747908,0.46354166666666663,0.06968275083468568,250,5,0.1,5,1.0,0.8,0.25,0.1,5.0
4,25,7,0.6106007433584155,0.04591299581487307,0.7748325892857143,0.02191489449314621,0.17063760525408708,0.01016464173154347,0.46354166666666663,0.07122288714154867,500,2,0.03,3,0.8,0.9,0.5,0.01,2.0
4,19,8,0.6085949349718563,0.0509646156635113,0.7704148065476191,0.023311446131349185,0.17395059098405988,0.011126933285039593,0.45833333333333337,0.08838834764831846,500,3,0.03,5,0.9,0.7,0.25,0.1,2.0
4,4,9,0.6081979235034447,0.062081482335395864,0.7743443080357142,0.022924823524275134,0.16926264567065766,0.01002404205945956,0.4375,0.09199750902424843,350,2,0.05,5,0.9,0.9,1.0,0.5,10.0
4,9,10,0.6080908751887651,0.03725139186229419,0.7589750744047619,0.017927425071172235,0.18428664807112907,0.008513520022155783,0.47916666666666674,0.06073908223797189,250,4,0.08,3,0.9,0.7,0.25,0.0,1.0
4,1,11,0.6072146806241301,0.05594776774904638,0.778692336309524,0.02225297391725989,0.16960225012853708,0.010446617005183182,0.4583333333333333,0.07654655446197431,700,2,0.1,1,0.9,0.7,1.0,0.01,10.0
4,20,12,0.6071757528312056,0.06410918838478964,0.7707403273809523,0.023502550799518233,0.1727956342987037,0.01139087712730392,0.44270833333333337,0.09125737222882932,350,3,0.03,8,0.8,0.9,0.5,0.0,1.0
4,5,13,0.6063074546900479,0.06382572401673271,0.7677176339285715,0.022192153786170267,0.17367758242452844,0.011061832124698485,0.421875,0.10351357767891559,700,3,0.02,8,0.9,0.9,0.0,0.1,10.0
4,38,14,0.6044173953985439,0.04154100247489546,0.7641834077380953,0.026171675039743648,0.1786500693149066,0.011314838915918123,0.46875,0.06669921080659218,700,3,0.03,3,0.7,1.0,0.0,0.01,5.0
4,27,15,0.6040630754646916,0.04862413792678491,0.7740420386904762,0.02286145146950522,0.17067334569870424,0.010521109595440096,0.484375,0.05387541892077396,500,2,0.03,3,0.8,0.8,0.5,0.0,0.5
4,14,16,0.6037603495059384,0.05964253737676474,0.7676478794642858,0.021504132196840497,0.17101157562422045,0.009369282243054585,0.41145833333333337,0.04968433340713258,150,4,0.08,3,1.0,0.9,1.0,0.5,2.0
4,28,17,0.6020488336225785,0.07304898837537457,0.7612537202380953,0.025115223780566603,0.18300591761215976,0.014212651623998351,0.453125,0.08637043724883853,500,5,0.03,1,1.0,0.9,0.0,0.0,5.0
4,37,18,0.6015754813719575,0.06751688362845075,0.771298363095238,0.021923181912013114,0.17126937345738874,0.010277247160263498,0.40625,0.0982706367922563,350,5,0.02,8,0.7,1.0,1.0,0.5,5.0
4,16,19,0.6013958825065823,0.049211907655469386,0.7682291666666666,0.022537781472971693,0.17150108176319281,0.00940506601519692,0.4166666666666667,0.0736569563735987,150,3,0.05,5,1.0,0.8,0.25,0.0,0.5
4,10,20,0.6000401208937827,0.06393848245943964,0.7711123511904763,0.021313790809758548,0.17093821374937576,0.009998810130424817,0.39583333333333337,0.08202091535428972,250,3,0.03,8,0.8,0.8,0.0,0.1,10.0
4,36,21,0.5993152145955596,0.04466260790422943,0.7667410714285714,0.02009875631042995,0.17383368497669588,0.009592963587335138,0.4375,0.0625,700,3,0.02,5,1.0,0.9,0.0,0.5,5.0
4,12,22,0.5981046048076611,0.057500496604045874,0.7659970238095238,0.022596810100860256,0.17296815164679102,0.010505907167160636,0.4375,0.06421264586426019,150,3,0.05,1,0.9,1.0,0.25,0.0,2.0
4,35,23,0.597400941050784,0.02109363541608953,0.7541387648809524,0.022537157781652432,0.187213038984967,0.010097597244751863,0.484375,0.05387541892077396,700,4,0.05,5,0.7,1.0,0.5,0.01,2.0
4,2,24,0.5972987205705351,0.05662197002569925,0.7686941964285714,0.019893927559137464,0.17321515452821626,0.009917926829876253,0.44791666666666674,0.0982706367922563,150,5,0.05,8,1.0,0.8,0.0,0.5,1.0
4,23,25,0.597230176001404,0.05456749435330287,0.7692522321428572,0.020620386596820525,0.17250386386386152,0.009700744930829043,0.41666666666666663,0.09432692852226478,500,3,0.02,1,1.0,0.9,0.5,0.01,10.0
4,6,26,0.5965350728103047,0.062133871436749505,0.766020275297619,0.022628596209686276,0.171713904670567,0.00921402243202433,0.38541666666666663,0.06830665129481252,500,4,0.08,8,1.0,0.7,1.0,0.01,10.0
4,8,27,0.5962348208969543,0.06747291798797608,0.7657877604166667,0.023743526634130412,0.1754148602848964,0.011926488399843246,0.46875,0.09827063679225628,500,3,0.05,8,0.7,0.8,0.5,0.1,5.0
4,32,28,0.5959820913556085,0.04662458746469716,0.7621837797619048,0.02414521222716993,0.17576969315583607,0.01041756779442057,0.45833333333333337,0.03294039229342061,700,5,0.08,3,1.0,0.8,0.25,0.1,10.0
4,29,29,0.5956534453671927,0.05489359547037183,0.7667178199404763,0.018226601111486655,0.17133966461923902,0.007464170469036333,0.37499999999999994,0.0570544330734548,250,2,0.03,5,1.0,0.7,1.0,0.5,5.0
4,31,30,0.5942980132914748,0.07086921254657311,0.7646716889880952,0.02581517342813643,0.17619773026334493,0.012286892450217813,0.453125,0.08382019239287022,350,3,0.08,8,0.7,0.8,0.5,0.0,10.0
4,22,31,0.5941239564326153,0.06209477744502345,0.7712518601190476,0.018723729097111987,0.17008076394353266,0.00860824738236999,0.390625,0.06968275083468568,250,2,0.03,3,0.8,0.9,0.0,0.01,5.0
4,33,32,0.5930093916858954,0.03231961705352726,0.7522786458333333,0.023766023771213292,0.19342796478762456,0.017123965516157708,0.48958333333333337,0.05208333333333332,500,3,0.1,1,0.8,0.9,0.5,0.0,2.0
4,7,33,0.592661207453592,0.0651965930679611,0.765438988095238,0.023248883782721778,0.1741334996138405,0.012807939776585089,0.45833333333333326,0.10311973892303818,500,2,0.05,8,0.7,0.7,1.0,0.01,2.0
4,24,34,0.5921518058144349,0.06383964723292693,0.7647181919642858,0.020646837016886934,0.17248464766854985,0.008418395129956782,0.328125,0.059612099699268735,150,3,0.02,3,1.0,0.8,0.5,0.01,1.0
4,15,35,0.5895316884095526,0.0725955374051755,0.7663225446428571,0.02649678209793336,0.17273203471682896,0.009218909698976862,0.34375,0.08900003901372427,150,4,0.02,8,0.7,1.0,0.0,0.5,2.0
4,21,36,0.5879289828173437,0.06561065052623674,0.7712983630952381,0.014708914157399569,0.17212259256335585,0.006754004165461398,0.28645833333333337,0.10351357767891557,150,2,0.02,5,0.7,0.7,0.5,0.01,0.5
4,11,37,0.587828818314631,0.037495777295987825,0.7546968005952381,0.027389068664265926,0.1828287317462492,0.01098696553935161,0.46875,0.06162583107395432,150,3,0.1,3,0.9,1.0,0.5,0.0,0.5
4,26,38,0.5824288719274268,0.055608273623233,0.760137648809524,0.022225309231057644,0.17878608801081813,0.011171046168437341,0.453125,0.08251551832163989,500,3,0.1,8,0.8,0.8,1.0,0.5,2.0
4,18,39,0.5774214355263465,0.03442456726491587,0.7497209821428572,0.029027841641159145,0.1836572894179574,0.011169593950336433,0.46875,0.06987712429686843,350,3,0.08,8,1.0,0.9,0.0,0.0,1.0
4,40,40,0.5695093987628869,0.01779056423181152,0.7469773065476191,0.01814420752118059,0.19154968122978164,0.0065842531736078165,0.45833333333333337,0.06750771560841519,700,3,0.1,8,0.9,0.8,0.0,0.0,2.0
5,30,1,0.6673105279757091,0.02363232558058034,0.7979445684523809,0.025765628521060253,0.15865449792924133,0.0061708864289340545,0.46875000000000006,0.07583447801333874,350,5,0.03,3,0.7,0.8,1.0,0.01,10.0
5,3,2,0.6654986128343954,0.04230487667932032,0.8021298363095237,0.03142317969241741,0.1592671967681178,0.010848573515997752,0.47916666666666663,0.08202091535428968,700,4,0.02,3,0.7,0.8,0.0,0.0,5.0
5,20,3,0.6566724472132315,0.03051476406968807,0.7927362351190476,0.023047984063666992,0.16216938494938335,0.00828366924083962,0.47395833333333337,0.05585315257689379,350,3,0.03,8,0.8,0.9,0.5,0.0,1.0
5,34,4,0.6565778438666131,0.03235551005197404,0.794921875,0.025410376823717277,0.16147963074185373,0.008568944055599957,0.47395833333333337,0.06810779599282303,500,5,0.02,5,0.8,1.0,0.25,0.5,2.0
5,38,5,0.6558907086022014,0.04955953239426028,0.8002232142857142,0.02889567866466239,0.16134357741846728,0.012494171843216413,0.5,0.05705443307345483,700,3,0.03,3,0.7,1.0,0.0,0.01,5.0
5,33,6,0.6551848485544053,0.04991854677675525,0.7980840773809523,0.02488339450173609,0.16735503977998845,0.01615393291802357,0.5416666666666667,0.07933096985274907,500,3,0.1,1,0.8,0.9,0.5,0.0,2.0
5,32,7,0.6550773054389738,0.03133630894742395,0.7933872767857142,0.04347316993642697,0.16094426160566344,0.012408541394581068,0.47916666666666663,0.06750771560841523,700,5,0.08,3,1.0,0.8,0.25,0.1,10.0
5,2,8,0.6549248959664219,0.024153406691201567,0.7878534226190476,0.026379773925985193,0.16281371321974988,0.0073189699349689675,0.4479166666666667,0.04773516348912335,150,5,0.05,8,1.0,0.8,0.0,0.5,1.0
5,31,9,0.6536500723333553,0.02060476838266914,0.7935732886904763,0.02791677889577194,0.16225229830624144,0.008214005846695512,0.46875,0.06987712429686843,350,3,0.08,8,0.7,0.8,0.5,0.0,10.0
5,13,10,0.6525782875046278,0.026539069311555162,0.7921316964285714,0.025831723090810527,0.1637063944278191,0.009398855947612327,0.4895833333333333,0.047735163489123336,500,4,0.08,5,0.9,0.7,0.5,0.1,10.0
5,35,11,0.651984138766246,0.03835237777926138,0.7908296130952381,0.03020546398633734,0.1676963482785009,0.015137009239598834,0.5208333333333333,0.06588078458684123,700,4,0.05,5,0.7,1.0,0.5,0.01,2.0
5,26,12,0.6518887019649382,0.023362295851885168,0.7953404017857142,0.024577999761350493,0.16273317550165844,0.008241711304924093,0.484375,0.06140534438828957,500,3,0.1,8,0.8,0.8,1.0,0.5,2.0
5,8,13,0.6509602389420803,0.02245714446098756,0.7924572172619048,0.025870496326489016,0.1631484111262032,0.007667675280465319,0.46875,0.06987712429686843,500,3,0.05,8,0.7,0.8,0.5,0.1,5.0
5,7,14,0.6506459435901848,0.01829182835204503,0.7923642113095238,0.022027051532389808,0.16354182555429952,0.006744085778688603,0.4635416666666667,0.04745017489137656,500,2,0.05,8,0.7,0.7,1.0,0.01,2.0
5,28,15,0.6485792844076119,0.052352623105807905,0.7977585565476191,0.03475844727483536,0.16290306243305683,0.012735658056202873,0.5052083333333334,0.047450174891376574,500,5,0.03,1,1.0,0.9,0.0,0.0,5.0
5,12,16,0.6485683793887655,0.0668497618395481,0.7965494791666667,0.03130983605644406,0.1603822721795753,0.012198361983202795,0.4895833333333333,0.03125000000000003,150,3,0.05,1,0.9,1.0,0.25,0.0,2.0
5,5,17,0.6472805175854741,0.035316904170827265,0.7864583333333333,0.029214826292170117,0.16378360707726214,0.008938390924679669,0.46875,0.06987712429686845,700,3,0.02,8,0.9,0.9,0.0,0.1,10.0
5,19,18,0.646590845857604,0.03702651435071546,0.7925037202380952,0.030082645543324654,0.1623497032255728,0.010809112363212596,0.484375,0.07122288714154865,500,3,0.03,5,0.9,0.7,0.25,0.1,2.0
5,40,19,0.643865380184366,0.047311678392624,0.783993675595238,0.03401587018109189,0.17258836698777327,0.016241297529842286,0.5,0.06909634979907082,700,3,0.1,8,0.9,0.8,0.0,0.0,2.0
5,10,20,0.6429103926860085,0.027550630748231088,0.7861793154761905,0.02442517639607428,0.16381778762862792,0.005881737834533978,0.4322916666666667,0.05585315257689381,250,3,0.03,8,0.8,0.8,0.0,0.1,10.0
5,18,21,0.6428307807155278,0.04454654099430198,0.7854817708333333,0.03148450682134739,0.16736544015281876,0.013064566949267534,0.47916666666666674,0.03897559777889523,350,3,0.08,8,1.0,0.9,0.0,0.0,1.0
5,39,22,0.6413523882385714,0.04103569958801989,0.7894810267857142,0.030597226790546484,0.16508083147085692,0.01185218913110155,0.4791666666666667,0.06421264586426018,350,2,0.08,5,0.9,1.0,1.0,0.01,1.0
5,17,23,0.6400963734858574,0.025826431553656732,0.7862723214285715,0.035109716227123056,0.16452050978657734,0.010067463321139409,0.4739583333333333,0.07707629472369135,250,5,0.1,5,1.0,0.8,0.25,0.1,5.0
5,4,24,0.6387674125980715,0.030693276107904344,0.7870163690476191,0.022807138028678026,0.16409181397450345,0.006495190382245673,0.44791666666666663,0.05983919423477112,350,2,0.05,5,0.9,0.9,1.0,0.5,10.0
5,23,25,0.6381511353198542,0.05379850664581042,0.7908761160714285,0.034944348863737366,0.16210974681496637,0.010828270188272277,0.4635416666666667,0.03415332564740627,500,3,0.02,1,1.0,0.9,0.5,0.01,10.0
5,37,26,0.6379528593570419,0.025961802533655834,0.7821335565476191,0.024245627878083063,0.16502723391304658,0.00531460495213328,0.421875,0.06484322707285799,350,5,0.02,8,0.7,1.0,1.0,0.5,5.0
5,14,27,0.6371660664382892,0.0379577717638026,0.790341331845238,0.029571825394981904,0.16252556066397617,0.008252649886451208,0.44270833333333337,0.022702598664274345,150,4,0.08,3,1.0,0.9,1.0,0.5,2.0
5,11,28,0.6361152034300943,0.05664870779408353,0.7907366071428571,0.03602705347516105,0.16584051756845342,0.01572496913193821,0.4791666666666667,0.07654655446197434,150,3,0.1,3,0.9,1.0,0.5,0.0,0.5
5,22,29,0.6341154331976342,0.04294698751692722,0.7917131696428572,0.025734387366908716,0.1628492418861752,0.006935694974546363,0.4427083333333333,0.05182226234930314,250,2,0.03,3,0.8,0.9,0.0,0.01,5.0
5,36,30,0.6339267453169298,0.035201323456268675,0.7845052083333333,0.026158492470677093,0.1643502407455552,0.009030242924320763,0.4739583333333333,0.05182226234930312,700,3,0.02,5,1.0,0.9,0.0,0.5,5.0
5,6,31,0.6336128571864684,0.033240079928435334,0.7819010416666666,0.02864477642801327,0.16526368579804054,0.006421200494498048,0.4375,0.03897559777889523,500,4,0.08,8,1.0,0.7,1.0,0.01,10.0
5,25,32,0.6317334638194181,0.054869578889520466,0.7928292410714286,0.03244998204325756,0.16340401695095746,0.012826716118776652,0.48958333333333337,0.056095466740984416,500,2,0.03,3,0.8,0.9,0.5,0.01,2.0
5,27,33,0.6313862616008683,0.058143458370663224,0.7945498511904762,0.033945134071212094,0.16316000783322787,0.01401413653582219,0.5,0.06588078458684124,500,2,0.03,3,0.8,0.8,0.5,0.0,0.5
5,9,34,0.6303509105019414,0.05234290888212954,0.7866443452380952,0.03371873051139106,0.16919877481810314,0.017084921625086263,0.5104166666666666,0.07583447801333872,250,4,0.08,3,0.9,0.7,0.25,0.0,1.0
5,16,35,0.6294476963076308,0.047445700143839115,0.783505394345238,0.027929857452917366,0.16471823527149274,0.010333361787324642,0.45833333333333337,0.038975597778895234,150,3,0.05,5,1.0,0.8,0.25,0.0,0.5
5,15,36,0.6292960589340729,0.034908436167429745,0.7809244791666666,0.020447935547387486,0.16706602945894644,0.004420850099111522,0.3802083333333333,0.051822262349303115,150,4,0.02,8,0.7,1.0,0.0,0.5,2.0
5,21,37,0.6291789158704137,0.042969182100001696,0.7872721354166667,0.02153478216476502,0.16768976706691813,0.004453198569304946,0.328125,0.03081291553697716,150,2,0.02,5,0.7,0.7,0.5,0.01,0.5
5,1,38,0.6243832314308285,0.04039960558133814,0.7890857514880951,0.02762217090592242,0.16456300559407405,0.00946504366414294,0.484375,0.061405344388289575,700,2,0.1,1,0.9,0.7,1.0,0.01,10.0
5,29,39,0.6226603857787161,0.04572144636592164,0.781343005952381,0.025281286443591656,0.16624713230082122,0.005734161398420027,0.421875,0.04968433340713258,250,2,0.03,5,1.0,0.7,1.0,0.5,5.0
5,24,40,0.6124994507763625,0.04912528799381526,0.783203125,0.025827704413440136,0.16683820738286353,0.007144557298892841,0.39062500000000006,0.02706329386826371,150,3,0.02,3,1.0,0.8,0.5,0.01,1.0
